image_filename,split,is_healthy_control,label_filename,label_exists,box_count,status,issues
00383159-b435-48d6-b390-5d1e4b746290.JPG,train,False,00383159-b435-48d6-b390-5d1e4b746290.txt,False,0,MISSING_LABEL,
005dc47d-b646-4ba7-a583-d200b8e782ad.JPG,train,False,005dc47d-b646-4ba7-a583-d200b8e782ad.txt,False,0,MISSING_LABEL,
01217ea7-b8f9-48a3-a7a5-c317385b0439.JPG,train,True,01217ea7-b8f9-48a3-a7a5-c317385b0439.txt,False,0,MISSING_LABEL,
02398003-eaf1-43a9-a6c2-1070742388f2.JPG,train,False,02398003-eaf1-43a9-a6c2-1070742388f2.txt,False,0,MISSING_LABEL,
02548600-7508-456e-99cd-3493da31596f.JPG,train,False,02548600-7508-456e-99cd-3493da31596f.txt,False,0,MISSING_LABEL,
025ab5ae-7bfe-4f9e-9790-9d8b89653bca.JPG,train,False,025ab5ae-7bfe-4f9e-9790-9d8b89653bca.txt,False,0,MISSING_LABEL,
0268e317-0dc3-4dc6-9747-22b3835aa5f7.JPG,train,False,0268e317-0dc3-4dc6-9747-22b3835aa5f7.txt,False,0,MISSING_LABEL,
04613b1e-2e0f-4668-b678-0d44a4704014.JPG,train,False,04613b1e-2e0f-4668-b678-0d44a4704014.txt,False,0,MISSING_LABEL,
0494447c-bfae-44c5-b53a-21065b6786da.JPG,train,False,0494447c-bfae-44c5-b53a-21065b6786da.txt,False,0,MISSING_LABEL,
0576c467-153a-4c56-b5d6-22bf1cb83a24.JPG,train,False,0576c467-153a-4c56-b5d6-22bf1cb83a24.txt,False,0,MISSING_LABEL,
0595377c-3b8e-4356-bc29-8fecf9612c28.JPG,train,False,0595377c-3b8e-4356-bc29-8fecf9612c28.txt,False,0,MISSING_LABEL,
0ae734ed-d856-47be-8bc3-beced8448b70.JPG,train,False,0ae734ed-d856-47be-8bc3-beced8448b70.txt,False,0,MISSING_LABEL,
0aeb35d9-dd6b-4d96-bd75-01b8b7c0d887.JPG,train,True,0aeb35d9-dd6b-4d96-bd75-01b8b7c0d887.txt,False,0,MISSING_LABEL,
0af62b46-fc54-4461-b817-61583c5fde52.JPG,train,False,0af62b46-fc54-4461-b817-61583c5fde52.txt,False,0,MISSING_LABEL,
0d1d59d6-bc46-4114-badc-99a96d7f5916.JPG,train,True,0d1d59d6-bc46-4114-badc-99a96d7f5916.txt,False,0,MISSING_LABEL,
0ee4d727-2ab5-4e09-ba0b-0135215a2bfc.JPG,train,False,0ee4d727-2ab5-4e09-ba0b-0135215a2bfc.txt,False,0,MISSING_LABEL,
1376d499-2469-4ba1-a774-c5be99e622ac.JPG,train,False,1376d499-2469-4ba1-a774-c5be99e622ac.txt,False,0,MISSING_LABEL,
14325633-c666-4f43-9af2-9f7063e78f07.JPG,train,False,14325633-c666-4f43-9af2-9f7063e78f07.txt,False,0,MISSING_LABEL,
17acf91d-c5b2-4346-b075-06e6cd4e9714.JPG,train,False,17acf91d-c5b2-4346-b075-06e6cd4e9714.txt,False,0,MISSING_LABEL,
188aa02e-7759-4d72-a4e8-ff90c907131c.JPG,train,False,188aa02e-7759-4d72-a4e8-ff90c907131c.txt,False,0,MISSING_LABEL,
1ba03905-0ac8-4d6e-a7a5-9e6af000ff10.JPG,train,False,1ba03905-0ac8-4d6e-a7a5-9e6af000ff10.txt,False,0,MISSING_LABEL,
1ba8e1b9-975a-41be-9545-4d52ebd7b34c.JPG,train,False,1ba8e1b9-975a-41be-9545-4d52ebd7b34c.txt,False,0,MISSING_LABEL,
1f367747-41c5-47df-943c-57525efb4da5.JPG,train,False,1f367747-41c5-47df-943c-57525efb4da5.txt,False,0,MISSING_LABEL,
201149da-6311-4e73-a6e2-635696d9eb60.JPG,train,False,201149da-6311-4e73-a6e2-635696d9eb60.txt,False,0,MISSING_LABEL,
2130c4ce-bd81-4b4d-a780-011c52edef3c.JPG,train,False,2130c4ce-bd81-4b4d-a780-011c52edef3c.txt,False,0,MISSING_LABEL,
238c86f8-a58b-4017-9177-d27bfe630405.JPG,train,True,238c86f8-a58b-4017-9177-d27bfe630405.txt,False,0,MISSING_LABEL,
259ddb1a-f10f-4470-9b1b-8a2b9afdb65a.JPG,train,False,259ddb1a-f10f-4470-9b1b-8a2b9afdb65a.txt,False,0,MISSING_LABEL,
270d1b1e-c7f5-40d7-8055-85358aeca0c4.JPG,train,True,270d1b1e-c7f5-40d7-8055-85358aeca0c4.txt,False,0,MISSING_LABEL,
276f05c4-da35-4a4e-a03c-6382ce46c366.JPG,train,False,276f05c4-da35-4a4e-a03c-6382ce46c366.txt,False,0,MISSING_LABEL,
27f43618-f8c7-4e12-9011-60204554b721.JPG,train,False,27f43618-f8c7-4e12-9011-60204554b721.txt,False,0,MISSING_LABEL,
2ea7e2b4-9e5b-4b36-917c-6cbfd0c6cba7.JPG,train,False,2ea7e2b4-9e5b-4b36-917c-6cbfd0c6cba7.txt,False,0,MISSING_LABEL,
2f02ea6a-5ef4-411c-9038-ab8a29b2a423.JPG,train,False,2f02ea6a-5ef4-411c-9038-ab8a29b2a423.txt,False,0,MISSING_LABEL,
2f6196c9-93c3-40d1-9d72-607667219544.JPG,train,False,2f6196c9-93c3-40d1-9d72-607667219544.txt,False,0,MISSING_LABEL,
33005982-f149-47cf-ba66-644717d65de6.JPG,train,False,33005982-f149-47cf-ba66-644717d65de6.txt,False,0,MISSING_LABEL,
39e904cc-bd0f-4c8b-9d3d-604c4f246803.JPG,train,False,39e904cc-bd0f-4c8b-9d3d-604c4f246803.txt,False,0,MISSING_LABEL,
3ba0576a-c16d-4e4b-886a-d3f036615d2d.JPG,train,False,3ba0576a-c16d-4e4b-886a-d3f036615d2d.txt,False,0,MISSING_LABEL,
3bbca019-c0fb-4ac8-aafa-0aee0f3379a7.JPG,train,False,3bbca019-c0fb-4ac8-aafa-0aee0f3379a7.txt,False,0,MISSING_LABEL,
3c18dd29-6a10-4c22-aafa-c62853dd270f.JPG,train,True,3c18dd29-6a10-4c22-aafa-c62853dd270f.txt,False,0,MISSING_LABEL,
3da6e6f3-a737-48ce-9eed-d0b7bbcb83f7.JPG,train,False,3da6e6f3-a737-48ce-9eed-d0b7bbcb83f7.txt,False,0,MISSING_LABEL,
3f4f24bb-1810-49dd-b878-f2af30b69315.JPG,train,False,3f4f24bb-1810-49dd-b878-f2af30b69315.txt,False,0,MISSING_LABEL,
40cb6dbc-c6bb-4d24-b5d0-60ac09f22985.JPG,train,False,40cb6dbc-c6bb-4d24-b5d0-60ac09f22985.txt,False,0,MISSING_LABEL,
43c8e3f6-6f1e-47ea-b338-99e5edbd110d.JPG,train,False,43c8e3f6-6f1e-47ea-b338-99e5edbd110d.txt,False,0,MISSING_LABEL,
43dcf9e8-23fa-45a9-ac8f-4383275ec06f.JPG,train,False,43dcf9e8-23fa-45a9-ac8f-4383275ec06f.txt,False,0,MISSING_LABEL,
44b1fd75-1c62-4db5-bad5-a4d8284cd7e7.JPG,train,False,44b1fd75-1c62-4db5-bad5-a4d8284cd7e7.txt,False,0,MISSING_LABEL,
48833654-f5c0-4246-8b5f-a35e3b170b22.JPG,train,False,48833654-f5c0-4246-8b5f-a35e3b170b22.txt,False,0,MISSING_LABEL,
4b983c49-f8c5-40aa-918f-12dc60a6b631.JPG,train,False,4b983c49-f8c5-40aa-918f-12dc60a6b631.txt,False,0,MISSING_LABEL,
4ce3987a-e862-4fb3-99f4-bc7445211625.JPG,train,False,4ce3987a-e862-4fb3-99f4-bc7445211625.txt,False,0,MISSING_LABEL,
4da6f09f-e2da-46c9-a903-cb9197308b37.JPG,train,False,4da6f09f-e2da-46c9-a903-cb9197308b37.txt,False,0,MISSING_LABEL,
4f3f72d6-3e03-409a-be47-db1acfe4452c.JPG,train,False,4f3f72d6-3e03-409a-be47-db1acfe4452c.txt,False,0,MISSING_LABEL,
51a336bb-0656-4f27-b11e-df6f1ae19191.JPG,train,True,51a336bb-0656-4f27-b11e-df6f1ae19191.txt,False,0,MISSING_LABEL,
51de4f25-7981-4c1e-b185-954da8537e77.JPG,train,False,51de4f25-7981-4c1e-b185-954da8537e77.txt,False,0,MISSING_LABEL,
520178da-be2f-4e7b-87e7-576b7e7a3632.JPG,train,False,520178da-be2f-4e7b-87e7-576b7e7a3632.txt,False,0,MISSING_LABEL,
54790e2f-4cfa-4e9b-b6bf-aca9265eea37.JPG,train,False,54790e2f-4cfa-4e9b-b6bf-aca9265eea37.txt,False,0,MISSING_LABEL,
54f26b5e-cd23-4cd4-b4c9-001d47e80eec.JPG,train,False,54f26b5e-cd23-4cd4-b4c9-001d47e80eec.txt,False,0,MISSING_LABEL,
55fb12f9-38ff-44b3-809d-a0a13adbb3cd.JPG,train,False,55fb12f9-38ff-44b3-809d-a0a13adbb3cd.txt,False,0,MISSING_LABEL,
58a0214d-be61-4fec-8f2f-9816b007e51f.JPG,train,True,58a0214d-be61-4fec-8f2f-9816b007e51f.txt,False,0,MISSING_LABEL,
58a80a56-a101-48d1-af56-268bc00c96de.JPG,train,False,58a80a56-a101-48d1-af56-268bc00c96de.txt,False,0,MISSING_LABEL,
5a673904-01ef-4f5f-ac9a-d22774c2a9f2.JPG,train,True,5a673904-01ef-4f5f-ac9a-d22774c2a9f2.txt,False,0,MISSING_LABEL,
5aed5119-a1f6-4d1d-b59c-660125f81a0c.JPG,train,False,5aed5119-a1f6-4d1d-b59c-660125f81a0c.txt,False,0,MISSING_LABEL,
6015ee57-2acc-406c-a3a6-2536db36ca38.JPG,train,False,6015ee57-2acc-406c-a3a6-2536db36ca38.txt,False,0,MISSING_LABEL,
61208dd6-8aff-4875-8cf2-5fff9b3c782a.JPG,train,False,61208dd6-8aff-4875-8cf2-5fff9b3c782a.txt,False,0,MISSING_LABEL,
650d539e-d624-48cc-9b8c-5bae191f1290.JPG,train,True,650d539e-d624-48cc-9b8c-5bae191f1290.txt,False,0,MISSING_LABEL,
66b23741-679f-449b-87dc-7ce62081493c.JPG,train,False,66b23741-679f-449b-87dc-7ce62081493c.txt,False,0,MISSING_LABEL,
6835b357-ad2d-4d3b-9b6f-d2f50416fe10.JPG,train,False,6835b357-ad2d-4d3b-9b6f-d2f50416fe10.txt,False,0,MISSING_LABEL,
690f7a47-9de3-4048-99b5-e6b720c06eae.JPG,train,False,690f7a47-9de3-4048-99b5-e6b720c06eae.txt,False,0,MISSING_LABEL,
6917a2b2-1ebc-49a6-b1bc-09e626a8689e.JPG,train,False,6917a2b2-1ebc-49a6-b1bc-09e626a8689e.txt,False,0,MISSING_LABEL,
6e50d96b-6697-4ac3-9634-492cd39610fc.JPG,train,False,6e50d96b-6697-4ac3-9634-492cd39610fc.txt,False,0,MISSING_LABEL,
7a133759-c7cd-4856-9a3d-8d49d388e5e1.JPG,train,False,7a133759-c7cd-4856-9a3d-8d49d388e5e1.txt,False,0,MISSING_LABEL,
7a88543a-198b-44ac-9ff6-3ffe0c1659e6.JPG,train,False,7a88543a-198b-44ac-9ff6-3ffe0c1659e6.txt,False,0,MISSING_LABEL,
7dbf11c8-ba8b-4741-8d0e-9b44bbe81c71.JPG,train,True,7dbf11c8-ba8b-4741-8d0e-9b44bbe81c71.txt,False,0,MISSING_LABEL,
7f4901b7-cab5-44c4-bc8c-614a850ca04d.JPG,train,False,7f4901b7-cab5-44c4-bc8c-614a850ca04d.txt,False,0,MISSING_LABEL,
80618862-5366-4b9c-80ec-5fcd0fa57911.JPG,train,False,80618862-5366-4b9c-80ec-5fcd0fa57911.txt,False,0,MISSING_LABEL,
80d34abd-e5e1-4467-b489-c64f05dfac82.JPG,train,False,80d34abd-e5e1-4467-b489-c64f05dfac82.txt,False,0,MISSING_LABEL,
810e8de9-665a-4e93-a533-0cbaf3574bee.JPG,train,False,810e8de9-665a-4e93-a533-0cbaf3574bee.txt,False,0,MISSING_LABEL,
829e27de-18da-475d-9649-90d2c315090e.JPG,train,True,829e27de-18da-475d-9649-90d2c315090e.txt,False,0,MISSING_LABEL,
82d7b5cf-1644-4a50-b3a2-865e55b54c6f.JPG,train,True,82d7b5cf-1644-4a50-b3a2-865e55b54c6f.txt,False,0,MISSING_LABEL,
8324b50e-65bc-4943-8581-be5a6137d7fa.JPG,train,False,8324b50e-65bc-4943-8581-be5a6137d7fa.txt,False,0,MISSING_LABEL,
837d3691-1cfb-44ba-9eee-81f1103bdfd4.JPG,train,False,837d3691-1cfb-44ba-9eee-81f1103bdfd4.txt,False,0,MISSING_LABEL,
83b50274-d05a-425a-8870-8397e1f21253.JPG,train,False,83b50274-d05a-425a-8870-8397e1f21253.txt,False,0,MISSING_LABEL,
85094a39-f7d1-4d61-8b8d-8b3990d02b05.JPG,train,False,85094a39-f7d1-4d61-8b8d-8b3990d02b05.txt,False,0,MISSING_LABEL,
876e352a-3107-40de-8c57-3b1861ffd1c4.JPG,train,False,876e352a-3107-40de-8c57-3b1861ffd1c4.txt,False,0,MISSING_LABEL,
87722656-b04e-491f-ae45-f5fd6bd4ee53.JPG,train,False,87722656-b04e-491f-ae45-f5fd6bd4ee53.txt,False,0,MISSING_LABEL,
879483ef-c2b7-48c1-b6e9-4d3c391fbace.JPG,train,False,879483ef-c2b7-48c1-b6e9-4d3c391fbace.txt,False,0,MISSING_LABEL,
87bb717b-64bb-4b12-addb-7bb1b3543914.JPG,train,False,87bb717b-64bb-4b12-addb-7bb1b3543914.txt,False,0,MISSING_LABEL,
896d4850-409c-4772-a22c-b233a9ef96bc.JPG,train,False,896d4850-409c-4772-a22c-b233a9ef96bc.txt,False,0,MISSING_LABEL,
8a5ebd85-77a0-4e81-a143-e58840c15b19.JPG,train,False,8a5ebd85-77a0-4e81-a143-e58840c15b19.txt,False,0,MISSING_LABEL,
8aac38b7-4d99-4611-9fa9-4df38d458ef5.JPG,train,False,8aac38b7-4d99-4611-9fa9-4df38d458ef5.txt,False,0,MISSING_LABEL,
8d93fc5a-98ee-4ac3-85ba-561b4ca2d141.JPG,train,False,8d93fc5a-98ee-4ac3-85ba-561b4ca2d141.txt,False,0,MISSING_LABEL,
8dae2531-f60d-491a-9d2d-eeeba71b58e2.JPG,train,False,8dae2531-f60d-491a-9d2d-eeeba71b58e2.txt,False,0,MISSING_LABEL,
8fe6feba-a2ae-4978-910d-bdd2c2748991.JPG,train,False,8fe6feba-a2ae-4978-910d-bdd2c2748991.txt,False,0,MISSING_LABEL,
924a6609-c602-4d85-9fa1-ffb84d41ef01.JPG,train,True,924a6609-c602-4d85-9fa1-ffb84d41ef01.txt,False,0,MISSING_LABEL,
9470fd2e-8f37-4266-bc30-deb66c8d5085.JPG,train,False,9470fd2e-8f37-4266-bc30-deb66c8d5085.txt,False,0,MISSING_LABEL,
961f4d65-4576-4d33-9e98-6303c1473bcc.JPG,train,False,961f4d65-4576-4d33-9e98-6303c1473bcc.txt,False,0,MISSING_LABEL,
9772f5c4-9366-4944-86e4-8fce33df18e4.JPG,train,False,9772f5c4-9366-4944-86e4-8fce33df18e4.txt,False,0,MISSING_LABEL,
99f155c4-f67a-47b0-86e0-a38282b744f6.JPG,train,False,99f155c4-f67a-47b0-86e0-a38282b744f6.txt,False,0,MISSING_LABEL,
9ad254f5-e703-4049-afec-620fd1d132ae.JPG,train,False,9ad254f5-e703-4049-afec-620fd1d132ae.txt,False,0,MISSING_LABEL,
9babcef8-1cb1-4b87-80c3-9f0b05077872.JPG,train,False,9babcef8-1cb1-4b87-80c3-9f0b05077872.txt,False,0,MISSING_LABEL,
9bc63337-47ba-410a-8381-26f87cf82ae4.JPG,train,True,9bc63337-47ba-410a-8381-26f87cf82ae4.txt,False,0,MISSING_LABEL,
9c0cdb1e-4a41-47a8-a57c-cd7a9b15e0e8.JPG,train,False,9c0cdb1e-4a41-47a8-a57c-cd7a9b15e0e8.txt,False,0,MISSING_LABEL,
9c3ba921-f491-4835-ae32-7e6c0ade6c66.JPG,train,False,9c3ba921-f491-4835-ae32-7e6c0ade6c66.txt,False,0,MISSING_LABEL,
9db2a832-f3f5-4e74-bff1-6fd6d9860b99.JPG,train,False,9db2a832-f3f5-4e74-bff1-6fd6d9860b99.txt,False,0,MISSING_LABEL,
9effdf54-da02-4668-8604-4939e52712a8.JPG,train,False,9effdf54-da02-4668-8604-4939e52712a8.txt,False,0,MISSING_LABEL,
9f5d25ca-b18d-47a0-bde8-96fe81105557.JPG,train,False,9f5d25ca-b18d-47a0-bde8-96fe81105557.txt,False,0,MISSING_LABEL,
a09a1813-6033-4b00-85fb-ff8e3b9ac96a.JPG,train,False,a09a1813-6033-4b00-85fb-ff8e3b9ac96a.txt,False,0,MISSING_LABEL,
a2d482d7-cc49-4a1e-b3d1-2501be040930.JPG,train,False,a2d482d7-cc49-4a1e-b3d1-2501be040930.txt,False,0,MISSING_LABEL,
a3d42443-3c02-48ef-95b2-0b2591929b34.JPG,train,False,a3d42443-3c02-48ef-95b2-0b2591929b34.txt,False,0,MISSING_LABEL,
a424e38a-50d6-463a-b1b2-67f9bf6b3ac5.JPG,train,False,a424e38a-50d6-463a-b1b2-67f9bf6b3ac5.txt,False,0,MISSING_LABEL,
a51a3bba-7b93-4607-b8d6-791a512058a3.JPG,train,True,a51a3bba-7b93-4607-b8d6-791a512058a3.txt,False,0,MISSING_LABEL,
a6b426d7-3c30-4b9b-a929-97cfab3f606c.JPG,train,False,a6b426d7-3c30-4b9b-a929-97cfab3f606c.txt,False,0,MISSING_LABEL,
ab6acd4f-0c4b-4130-8991-41572767f083.JPG,train,False,ab6acd4f-0c4b-4130-8991-41572767f083.txt,False,0,MISSING_LABEL,
ae5ab967-ab1e-41b2-956b-531ee175f60a.JPG,train,False,ae5ab967-ab1e-41b2-956b-531ee175f60a.txt,False,0,MISSING_LABEL,
aec71bba-9a5f-4f33-a700-6e5c974e2055.JPG,train,False,aec71bba-9a5f-4f33-a700-6e5c974e2055.txt,False,0,MISSING_LABEL,
aeebb8bc-44ac-411e-b184-5612214e529f.JPG,train,True,aeebb8bc-44ac-411e-b184-5612214e529f.txt,False,0,MISSING_LABEL,
aef55c42-55db-4821-becd-b8418e7ef129.JPG,train,False,aef55c42-55db-4821-becd-b8418e7ef129.txt,False,0,MISSING_LABEL,
af5c025a-7ecb-4ae6-a549-373ea2206713.JPG,train,True,af5c025a-7ecb-4ae6-a549-373ea2206713.txt,False,0,MISSING_LABEL,
b0b973f2-b4a6-4540-8889-4508d21bb4ee.JPG,train,True,b0b973f2-b4a6-4540-8889-4508d21bb4ee.txt,False,0,MISSING_LABEL,
b0bda30c-2ea1-4f4f-be4a-e64df8a2df94.JPG,train,False,b0bda30c-2ea1-4f4f-be4a-e64df8a2df94.txt,False,0,MISSING_LABEL,
b1a3b01a-8be8-4bde-b439-c1deaef8a95d.JPG,train,False,b1a3b01a-8be8-4bde-b439-c1deaef8a95d.txt,False,0,MISSING_LABEL,
b2a0595a-5e63-43eb-b790-043c4fbd5ef0.JPG,train,False,b2a0595a-5e63-43eb-b790-043c4fbd5ef0.txt,False,0,MISSING_LABEL,
b2f20b81-c20e-4fd4-a143-e3537fda382b.JPG,train,True,b2f20b81-c20e-4fd4-a143-e3537fda382b.txt,False,0,MISSING_LABEL,
b3147e35-9df6-453b-8e08-85040835e482.JPG,train,False,b3147e35-9df6-453b-8e08-85040835e482.txt,False,0,MISSING_LABEL,
b4697919-f356-472c-8403-fed52c385598.JPG,train,True,b4697919-f356-472c-8403-fed52c385598.txt,False,0,MISSING_LABEL,
b5478203-e30d-4c33-bffb-f362c1b5d4b8.JPG,train,False,b5478203-e30d-4c33-bffb-f362c1b5d4b8.txt,False,0,MISSING_LABEL,
b6a25da4-af3f-40ca-865e-2e0f5d04ba66.JPG,train,False,b6a25da4-af3f-40ca-865e-2e0f5d04ba66.txt,False,0,MISSING_LABEL,
b6b826fd-6bfc-4978-b547-6fc768abdc9e.JPG,train,False,b6b826fd-6bfc-4978-b547-6fc768abdc9e.txt,False,0,MISSING_LABEL,
b80125a8-4ff5-4ffb-8803-d7102cd738b1.JPG,train,True,b80125a8-4ff5-4ffb-8803-d7102cd738b1.txt,False,0,MISSING_LABEL,
b93fca1b-9b81-403d-af8d-da151e30da5a.JPG,train,False,b93fca1b-9b81-403d-af8d-da151e30da5a.txt,False,0,MISSING_LABEL,
b95c7523-8361-411a-9d3f-203ccc3ef615.JPG,train,False,b95c7523-8361-411a-9d3f-203ccc3ef615.txt,False,0,MISSING_LABEL,
b9a1bb73-e507-4212-aa41-29405c83b0a4.JPG,train,False,b9a1bb73-e507-4212-aa41-29405c83b0a4.txt,False,0,MISSING_LABEL,
b9bfbc25-9a22-42d2-a531-59017256c770.JPG,train,False,b9bfbc25-9a22-42d2-a531-59017256c770.txt,False,0,MISSING_LABEL,
ba3836f5-f959-4ae8-9487-0e93f8fc1e0d.JPG,train,True,ba3836f5-f959-4ae8-9487-0e93f8fc1e0d.txt,False,0,MISSING_LABEL,
bd693ced-55cc-426c-bcf1-87cc6bbe77cf.JPG,train,False,bd693ced-55cc-426c-bcf1-87cc6bbe77cf.txt,False,0,MISSING_LABEL,
be425bd0-d604-4dfd-8b53-361fe014ceee.JPG,train,False,be425bd0-d604-4dfd-8b53-361fe014ceee.txt,False,0,MISSING_LABEL,
c1e58fb8-c847-4295-b973-d8fe02ce464b.JPG,train,True,c1e58fb8-c847-4295-b973-d8fe02ce464b.txt,False,0,MISSING_LABEL,
c2dc106d-0601-4aae-9e00-400cd6751d99.JPG,train,True,c2dc106d-0601-4aae-9e00-400cd6751d99.txt,False,0,MISSING_LABEL,
c401b2cc-4b8c-491d-9fde-19a1e53c8583.JPG,train,False,c401b2cc-4b8c-491d-9fde-19a1e53c8583.txt,False,0,MISSING_LABEL,
c4912c6e-264b-441c-91a4-1f6c29d60c22.JPG,train,False,c4912c6e-264b-441c-91a4-1f6c29d60c22.txt,False,0,MISSING_LABEL,
c69668f9-581d-4b63-9a7b-cc9a7ff00928.JPG,train,False,c69668f9-581d-4b63-9a7b-cc9a7ff00928.txt,False,0,MISSING_LABEL,
c81647e6-6c7e-4f86-b87b-4e9a7798df9d.JPG,train,False,c81647e6-6c7e-4f86-b87b-4e9a7798df9d.txt,False,0,MISSING_LABEL,
c83d652f-1016-4396-a320-1a76bbbcb987.JPG,train,False,c83d652f-1016-4396-a320-1a76bbbcb987.txt,False,0,MISSING_LABEL,
cc8ec236-e354-452f-9009-8ee042424cf6.JPG,train,False,cc8ec236-e354-452f-9009-8ee042424cf6.txt,False,0,MISSING_LABEL,
cc904afe-8a14-4187-a065-e46bd2864579.JPG,train,True,cc904afe-8a14-4187-a065-e46bd2864579.txt,False,0,MISSING_LABEL,
cc9cf432-3c83-45c2-93c4-e6d5859e0c01.JPG,train,False,cc9cf432-3c83-45c2-93c4-e6d5859e0c01.txt,False,0,MISSING_LABEL,
cd9645b2-aea8-4a8a-b94c-6c0dc181c7aa.JPG,train,False,cd9645b2-aea8-4a8a-b94c-6c0dc181c7aa.txt,False,0,MISSING_LABEL,
ce7c6df9-8bd9-4dd3-9a39-7288728ffe44.JPG,train,False,ce7c6df9-8bd9-4dd3-9a39-7288728ffe44.txt,False,0,MISSING_LABEL,
d0b0ebf1-f292-4feb-bbda-8a993b6de221.JPG,train,False,d0b0ebf1-f292-4feb-bbda-8a993b6de221.txt,False,0,MISSING_LABEL,
d199161a-08ba-4290-85a9-9db16c5670a7.JPG,train,False,d199161a-08ba-4290-85a9-9db16c5670a7.txt,False,0,MISSING_LABEL,
d1bf5616-dca2-4566-a782-de6a54b4a892.JPG,train,True,d1bf5616-dca2-4566-a782-de6a54b4a892.txt,False,0,MISSING_LABEL,
d2dc6745-8c94-4f1b-9826-6d68dd1773de.JPG,train,False,d2dc6745-8c94-4f1b-9826-6d68dd1773de.txt,False,0,MISSING_LABEL,
d5961da5-92bc-4edb-b9cc-06a37015eb25.JPG,train,True,d5961da5-92bc-4edb-b9cc-06a37015eb25.txt,False,0,MISSING_LABEL,
d9f2f469-087e-481d-ba3d-0469f1f8dce5.JPG,train,False,d9f2f469-087e-481d-ba3d-0469f1f8dce5.txt,False,0,MISSING_LABEL,
dd02324d-fc79-4e36-9ef0-15938090e99d.JPG,train,False,dd02324d-fc79-4e36-9ef0-15938090e99d.txt,False,0,MISSING_LABEL,
ddb6935b-e216-40ef-b2ca-061709483200.JPG,train,True,ddb6935b-e216-40ef-b2ca-061709483200.txt,False,0,MISSING_LABEL,
e014158d-4601-44ac-8d5c-5880a13c2658.JPG,train,False,e014158d-4601-44ac-8d5c-5880a13c2658.txt,False,0,MISSING_LABEL,
e02eb358-59c3-4a21-8636-05c84947b168.JPG,train,False,e02eb358-59c3-4a21-8636-05c84947b168.txt,False,0,MISSING_LABEL,
e3879caf-a113-49dc-b50f-b44528cb6f1a.JPG,train,True,e3879caf-a113-49dc-b50f-b44528cb6f1a.txt,False,0,MISSING_LABEL,
e3ef85e4-7582-4fb7-a741-6d5ae214677c.JPG,train,False,e3ef85e4-7582-4fb7-a741-6d5ae214677c.txt,False,0,MISSING_LABEL,
e6a08c08-6a4c-445c-b3df-bd3d9ce66a85.JPG,train,False,e6a08c08-6a4c-445c-b3df-bd3d9ce66a85.txt,False,0,MISSING_LABEL,
e8dbf21f-87a2-4d8b-8a24-72b92c762f46.JPG,train,False,e8dbf21f-87a2-4d8b-8a24-72b92c762f46.txt,False,0,MISSING_LABEL,
e9260358-27ac-4606-a351-dac9a73c6c1d.JPG,train,False,e9260358-27ac-4606-a351-dac9a73c6c1d.txt,False,0,MISSING_LABEL,
e9509cae-5764-48e8-b3e1-4a639092708c.JPG,train,False,e9509cae-5764-48e8-b3e1-4a639092708c.txt,False,0,MISSING_LABEL,
ea5d8470-a0f9-4c28-9bcb-2d967dd97a2e.JPG,train,False,ea5d8470-a0f9-4c28-9bcb-2d967dd97a2e.txt,False,0,MISSING_LABEL,
efd991c4-9190-4ed7-a860-cac3d876c7a4.JPG,train,False,efd991c4-9190-4ed7-a860-cac3d876c7a4.txt,False,0,MISSING_LABEL,
f32a34ad-458f-4b6b-ba62-44a779c6fa22.JPG,train,False,f32a34ad-458f-4b6b-ba62-44a779c6fa22.txt,False,0,MISSING_LABEL,
f3bfce39-9dbd-49d8-a531-1f82ba0885a5.JPG,train,False,f3bfce39-9dbd-49d8-a531-1f82ba0885a5.txt,False,0,MISSING_LABEL,
f3edb72a-9b10-4813-a761-9b09d1198fe1.JPG,train,False,f3edb72a-9b10-4813-a761-9b09d1198fe1.txt,False,0,MISSING_LABEL,
f480f10d-bd58-4ce8-8218-b564ca61e7f4.JPG,train,True,f480f10d-bd58-4ce8-8218-b564ca61e7f4.txt,False,0,MISSING_LABEL,
f5041ccf-49cb-4917-8d43-14f5be481473.JPG,train,True,f5041ccf-49cb-4917-8d43-14f5be481473.txt,False,0,MISSING_LABEL,
f568f21b-80c4-4fd3-a8fe-6dbd2b41a9ea.JPG,train,False,f568f21b-80c4-4fd3-a8fe-6dbd2b41a9ea.txt,False,0,MISSING_LABEL,
f5c95cf2-6d05-4f12-a754-0ecde4a27b5e.JPG,train,True,f5c95cf2-6d05-4f12-a754-0ecde4a27b5e.txt,False,0,MISSING_LABEL,
f9507a22-d048-40ee-a6b0-21cbdf6c6a97.JPG,train,False,f9507a22-d048-40ee-a6b0-21cbdf6c6a97.txt,False,0,MISSING_LABEL,
fc9018c5-275e-4f92-962a-45849e016b5d.JPG,train,True,fc9018c5-275e-4f92-962a-45849e016b5d.txt,False,0,MISSING_LABEL,
fcdc95aa-76ab-4b21-8deb-7fea9cafb5d3.JPG,train,False,fcdc95aa-76ab-4b21-8deb-7fea9cafb5d3.txt,False,0,MISSING_LABEL,
fce4a123-77fd-4abf-b517-de7b9b3cfe48.JPG,train,True,fce4a123-77fd-4abf-b517-de7b9b3cfe48.txt,False,0,MISSING_LABEL,
ff17b09a-a3d8-4e64-9f99-a81c79c7b6de.JPG,train,False,ff17b09a-a3d8-4e64-9f99-a81c79c7b6de.txt,False,0,MISSING_LABEL,
0d320a52-403a-44ac-95e1-e1905f1c2221.JPG,val,False,0d320a52-403a-44ac-95e1-e1905f1c2221.txt,False,0,MISSING_LABEL,
15c53a87-6518-483e-be77-0a9a761be704.JPG,val,False,15c53a87-6518-483e-be77-0a9a761be704.txt,False,0,MISSING_LABEL,
1c9649fd-cc7e-4a18-9e3a-b1473f5b285b.JPG,val,False,1c9649fd-cc7e-4a18-9e3a-b1473f5b285b.txt,False,0,MISSING_LABEL,
2035e116-1041-4c04-b12c-bfbd7ce7f962.JPG,val,False,2035e116-1041-4c04-b12c-bfbd7ce7f962.txt,False,0,MISSING_LABEL,
301184d5-e6c5-42f5-ac74-d75327e8ee7b.JPG,val,False,301184d5-e6c5-42f5-ac74-d75327e8ee7b.txt,False,0,MISSING_LABEL,
385c8136-9e9a-46ca-8dd7-c2dfc0112345.JPG,val,False,385c8136-9e9a-46ca-8dd7-c2dfc0112345.txt,False,0,MISSING_LABEL,
3fc99100-0cdb-4df2-a37d-28da93e14aac.JPG,val,True,3fc99100-0cdb-4df2-a37d-28da93e14aac.txt,False,0,MISSING_LABEL,
52084b4b-0eb2-4192-b6e8-2e00b967903f.JPG,val,False,52084b4b-0eb2-4192-b6e8-2e00b967903f.txt,False,0,MISSING_LABEL,
53042b1d-d463-485f-a648-4b20df2258b1.JPG,val,False,53042b1d-d463-485f-a648-4b20df2258b1.txt,False,0,MISSING_LABEL,
580f4630-e447-4a3e-9221-54a7cb9b4e4f.JPG,val,False,580f4630-e447-4a3e-9221-54a7cb9b4e4f.txt,False,0,MISSING_LABEL,
6220a1e7-fee0-411d-845b-7c372818e028.JPG,val,False,6220a1e7-fee0-411d-845b-7c372818e028.txt,False,0,MISSING_LABEL,
63046c63-8aef-42f1-95f6-77d68d4349ed.JPG,val,False,63046c63-8aef-42f1-95f6-77d68d4349ed.txt,False,0,MISSING_LABEL,
6b3b54ea-edce-40bc-abf4-63b0c5fdd8ad.JPG,val,False,6b3b54ea-edce-40bc-abf4-63b0c5fdd8ad.txt,False,0,MISSING_LABEL,
6d6c3e0e-d9ab-4518-afbd-15ffad088851.JPG,val,True,6d6c3e0e-d9ab-4518-afbd-15ffad088851.txt,False,0,MISSING_LABEL,
766bbaa6-3fbf-4188-8787-0b00fe1afc4c.JPG,val,False,766bbaa6-3fbf-4188-8787-0b00fe1afc4c.txt,False,0,MISSING_LABEL,
8167bc95-ed61-48be-986f-e2e78793239f.JPG,val,False,8167bc95-ed61-48be-986f-e2e78793239f.txt,False,0,MISSING_LABEL,
8a7a16e7-c729-461a-ad98-8044f802b99e.JPG,val,False,8a7a16e7-c729-461a-ad98-8044f802b99e.txt,False,0,MISSING_LABEL,
8e7d52bd-e5fc-4693-b08a-de39a3ab7bc9.JPG,val,True,8e7d52bd-e5fc-4693-b08a-de39a3ab7bc9.txt,False,0,MISSING_LABEL,
95697e11-0287-4b5f-9146-bb268ba4f54e.JPG,val,False,95697e11-0287-4b5f-9146-bb268ba4f54e.txt,False,0,MISSING_LABEL,
970010b7-e451-4ab7-9c3f-3cc2c752cbe0.JPG,val,False,970010b7-e451-4ab7-9c3f-3cc2c752cbe0.txt,False,0,MISSING_LABEL,
9a400e75-3586-48ae-bfa5-83ffd28c736a.JPG,val,False,9a400e75-3586-48ae-bfa5-83ffd28c736a.txt,False,0,MISSING_LABEL,
a6492712-789d-4874-a6f1-3f1704ff8aec.JPG,val,True,a6492712-789d-4874-a6f1-3f1704ff8aec.txt,False,0,MISSING_LABEL,
a7128f33-0903-4710-910e-1222494f2346.JPG,val,False,a7128f33-0903-4710-910e-1222494f2346.txt,False,0,MISSING_LABEL,
ae110b2e-7e3d-4d2a-bced-1a44a7f225eb.JPG,val,False,ae110b2e-7e3d-4d2a-bced-1a44a7f225eb.txt,False,0,MISSING_LABEL,
b0ac89b4-406e-4097-ba46-a3b5b0792be5.JPG,val,True,b0ac89b4-406e-4097-ba46-a3b5b0792be5.txt,False,0,MISSING_LABEL,
cb8ced70-6a58-4a91-9414-fa56444c61ce.JPG,val,False,cb8ced70-6a58-4a91-9414-fa56444c61ce.txt,False,0,MISSING_LABEL,
d1c943c7-1ce3-4463-92a5-eed911e5a096.JPG,val,False,d1c943c7-1ce3-4463-92a5-eed911e5a096.txt,False,0,MISSING_LABEL,
d4479d91-e20e-487c-8520-cc406ad9e195.JPG,val,False,d4479d91-e20e-487c-8520-cc406ad9e195.txt,False,0,MISSING_LABEL,
e38bf449-f6d8-4178-a7ac-e41290c3236e.JPG,val,False,e38bf449-f6d8-4178-a7ac-e41290c3236e.txt,False,0,MISSING_LABEL,
e613eba0-0e31-47c2-86e7-4df3e438a863.JPG,val,False,e613eba0-0e31-47c2-86e7-4df3e438a863.txt,False,0,MISSING_LABEL,
e6a1a7fe-ca96-4e91-b6e2-e31409608629.JPG,val,False,e6a1a7fe-ca96-4e91-b6e2-e31409608629.txt,False,0,MISSING_LABEL,
f414effa-2b2e-4b28-a1f3-457620f4cad9.JPG,val,True,f414effa-2b2e-4b28-a1f3-457620f4cad9.txt,False,0,MISSING_LABEL,
f78ff368-2ea6-468b-a4fb-59f1a7e51bb7.JPG,val,False,f78ff368-2ea6-468b-a4fb-59f1a7e51bb7.txt,False,0,MISSING_LABEL,
fde5226d-96fc-486d-80bc-e1d124bd2afa.JPG,val,True,fde5226d-96fc-486d-80bc-e1d124bd2afa.txt,False,0,MISSING_LABEL,
fe909263-a9dc-4aa8-a13c-1298f57c9748.JPG,val,False,fe909263-a9dc-4aa8-a13c-1298f57c9748.txt,False,0,MISSING_LABEL,
06dcde27-0f0e-4b4c-9174-5a99192e2c4a.JPG,test,False,06dcde27-0f0e-4b4c-9174-5a99192e2c4a.txt,False,0,MISSING_LABEL,
0b97e882-fa7f-4faa-b170-5e408263532d.JPG,test,False,0b97e882-fa7f-4faa-b170-5e408263532d.txt,False,0,MISSING_LABEL,
0c68960c-8501-4cf9-9c62-92d871d7ee46.JPG,test,False,0c68960c-8501-4cf9-9c62-92d871d7ee46.txt,False,0,MISSING_LABEL,
184492ce-e5f2-4cd5-a8cd-717dab299a8a.JPG,test,False,184492ce-e5f2-4cd5-a8cd-717dab299a8a.txt,False,0,MISSING_LABEL,
1b9206d3-18da-4506-9e1c-b5b47e853e37.JPG,test,False,1b9206d3-18da-4506-9e1c-b5b47e853e37.txt,False,0,MISSING_LABEL,
1cc24a60-c3d7-49fe-b6d6-576169720454.JPG,test,False,1cc24a60-c3d7-49fe-b6d6-576169720454.txt,False,0,MISSING_LABEL,
1d14d926-c957-47d8-b0ef-0b0ec2dab09a.JPG,test,False,1d14d926-c957-47d8-b0ef-0b0ec2dab09a.txt,False,0,MISSING_LABEL,
203cf8e7-9d7d-464e-b75e-d31c524a1945.JPG,test,True,203cf8e7-9d7d-464e-b75e-d31c524a1945.txt,False,0,MISSING_LABEL,
20d3e6ae-91b9-4233-b3ff-9511be5be934.JPG,test,False,20d3e6ae-91b9-4233-b3ff-9511be5be934.txt,False,0,MISSING_LABEL,
2830afd3-d201-4ef4-954f-809838d1c1a4.JPG,test,False,2830afd3-d201-4ef4-954f-809838d1c1a4.txt,False,0,MISSING_LABEL,
30286b7a-883a-4ab1-b6b3-e7e886cc0b06.JPG,test,False,30286b7a-883a-4ab1-b6b3-e7e886cc0b06.txt,False,0,MISSING_LABEL,
38496640-51ba-4cde-ad70-17d5a40f4952.JPG,test,False,38496640-51ba-4cde-ad70-17d5a40f4952.txt,False,0,MISSING_LABEL,
47b3358f-62bf-48b8-a389-ab7b0680ab07.JPG,test,False,47b3358f-62bf-48b8-a389-ab7b0680ab07.txt,False,0,MISSING_LABEL,
5056c3ee-21a3-46fc-a36b-a72bb6b8ee7b.JPG,test,False,5056c3ee-21a3-46fc-a36b-a72bb6b8ee7b.txt,False,0,MISSING_LABEL,
56c5fe27-94c7-4c83-97c5-ae7c3837e7fc.JPG,test,False,56c5fe27-94c7-4c83-97c5-ae7c3837e7fc.txt,False,0,MISSING_LABEL,
5b582bbb-a3d0-43cf-b809-3258861a2364.JPG,test,True,5b582bbb-a3d0-43cf-b809-3258861a2364.txt,False,0,MISSING_LABEL,
682826bc-7860-41d9-beab-2acf78d28229.JPG,test,False,682826bc-7860-41d9-beab-2acf78d28229.txt,False,0,MISSING_LABEL,
685da8da-78ed-4494-a535-c67d935cb106.JPG,test,True,685da8da-78ed-4494-a535-c67d935cb106.txt,False,0,MISSING_LABEL,
6b0a65f3-d627-46fb-85e8-4d1f2e601878.JPG,test,True,6b0a65f3-d627-46fb-85e8-4d1f2e601878.txt,False,0,MISSING_LABEL,
7c71ba9a-0835-45c0-b482-768abc0e9c76.JPG,test,False,7c71ba9a-0835-45c0-b482-768abc0e9c76.txt,False,0,MISSING_LABEL,
89eb2696-f194-4fc2-9d63-7bac1d4e0e09.JPG,test,False,89eb2696-f194-4fc2-9d63-7bac1d4e0e09.txt,False,0,MISSING_LABEL,
90e974de-b5e7-4d7a-b042-42ba3c02a2a2.JPG,test,False,90e974de-b5e7-4d7a-b042-42ba3c02a2a2.txt,False,0,MISSING_LABEL,
93a2af07-88c2-4426-a8f3-b22a0b690eaf.JPG,test,False,93a2af07-88c2-4426-a8f3-b22a0b690eaf.txt,False,0,MISSING_LABEL,
96cd2a09-f22d-4f8e-b36d-37af208c241c.JPG,test,False,96cd2a09-f22d-4f8e-b36d-37af208c241c.txt,False,0,MISSING_LABEL,
98cf9e2f-ddd1-4b79-a007-5b68ba317d54.JPG,test,False,98cf9e2f-ddd1-4b79-a007-5b68ba317d54.txt,False,0,MISSING_LABEL,
99a80e7c-c226-4a9d-872f-f6aff42e1880.JPG,test,False,99a80e7c-c226-4a9d-872f-f6aff42e1880.txt,False,0,MISSING_LABEL,
a8a993a6-9b84-4663-bf97-c4c97f0cbb20.JPG,test,True,a8a993a6-9b84-4663-bf97-c4c97f0cbb20.txt,False,0,MISSING_LABEL,
b2c08c42-1689-4477-b90d-4f22bb48a92b.JPG,test,True,b2c08c42-1689-4477-b90d-4f22bb48a92b.txt,False,0,MISSING_LABEL,
b4c68979-087f-4c17-88e8-a1dac017ae82.JPG,test,False,b4c68979-087f-4c17-88e8-a1dac017ae82.txt,False,0,MISSING_LABEL,
b8b58132-dbda-4728-a6ac-13a078231012.JPG,test,False,b8b58132-dbda-4728-a6ac-13a078231012.txt,False,0,MISSING_LABEL,
ba7f3634-884e-425d-be5c-51de6e30a47d.JPG,test,False,ba7f3634-884e-425d-be5c-51de6e30a47d.txt,False,0,MISSING_LABEL,
bc411f1b-85be-4a53-aa8f-2725db90ee14.JPG,test,False,bc411f1b-85be-4a53-aa8f-2725db90ee14.txt,False,0,MISSING_LABEL,
bcbb7eaf-77ed-4c61-91bc-632ec4d342d1.JPG,test,False,bcbb7eaf-77ed-4c61-91bc-632ec4d342d1.txt,False,0,MISSING_LABEL,
c88eac39-26d6-4685-8870-513c1335b57a.JPG,test,True,c88eac39-26d6-4685-8870-513c1335b57a.txt,False,0,MISSING_LABEL,
de47d9ff-8b6e-4bb0-9cbc-c1dd6ec1cdae.JPG,test,False,de47d9ff-8b6e-4bb0-9cbc-c1dd6ec1cdae.txt,False,0,MISSING_LABEL,
e18f980b-f4c9-457e-84c0-c39a41f2ea35.JPG,test,True,e18f980b-f4c9-457e-84c0-c39a41f2ea35.txt,False,0,MISSING_LABEL,
e6cc10ab-539e-4f3e-a7b9-dc4e7ff21c4b.JPG,test,False,e6cc10ab-539e-4f3e-a7b9-dc4e7ff21c4b.txt,False,0,MISSING_LABEL,
ea8a9e90-c281-4acf-983e-7766c40b75e0.JPG,test,False,ea8a9e90-c281-4acf-983e-7766c40b75e0.txt,False,0,MISSING_LABEL,
f5443930-fee9-496f-b15e-9ea9bfef8fa0.JPG,test,False,f5443930-fee9-496f-b15e-9ea9bfef8fa0.txt,False,0,MISSING_LABEL,
f7966168-16cd-4c03-8ded-5afa79957c00.JPG,test,False,f7966168-16cd-4c03-8ded-5afa79957c00.txt,False,0,MISSING_LABEL,
