image_id,disease,yolo_class_id,split,source_path,label_exists
bd693ced-55cc-426c-bcf1-87cc6bbe77cf.JPG,Early_blight,0,train,d:\ai_detect\sih 2026\ml\datasets\plantvillage_isolated\test\Tomato___Early_blight\bd693ced-55cc-426c-bcf1-87cc6bbe77cf.JPG,False
2f02ea6a-5ef4-411c-9038-ab8a29b2a423.JPG,Early_blight,0,train,d:\ai_detect\sih 2026\ml\datasets\plantvillage_isolated\test\Tomato___Early_blight\2f02ea6a-5ef4-411c-9038-ab8a29b2a423.JPG,False
43c8e3f6-6f1e-47ea-b338-99e5edbd110d.JPG,Early_blight,0,train,d:\ai_detect\sih 2026\ml\datasets\plantvillage_isolated\test\Tomato___Early_blight\43c8e3f6-6f1e-47ea-b338-99e5edbd110d.JPG,False
0268e317-0dc3-4dc6-9747-22b3835aa5f7.JPG,Early_blight,0,train,d:\ai_detect\sih 2026\ml\datasets\plantvillage_isolated\test\Tomato___Early_blight\0268e317-0dc3-4dc6-9747-22b3835aa5f7.JPG,False
cc8ec236-e354-452f-9009-8ee042424cf6.JPG,Early_blight,0,train,d:\ai_detect\sih 2026\ml\datasets\plantvillage_isolated\test\Tomato___Early_blight\cc8ec236-e354-452f-9009-8ee042424cf6.JPG,False
be425bd0-d604-4dfd-8b53-361fe014ceee.JPG,Early_blight,0,train,d:\ai_detect\sih 2026\ml\datasets\plantvillage_isolated\train\Tomato___Early_blight\be425bd0-d604-4dfd-8b53-361fe014ceee.JPG,False
0ae734ed-d856-47be-8bc3-beced8448b70.JPG,Early_blight,0,train,d:\ai_detect\sih 2026\ml\datasets\plantvillage_isolated\train\Tomato___Early_blight\0ae734ed-d856-47be-8bc3-beced8448b70.JPG,False
2f6196c9-93c3-40d1-9d72-607667219544.JPG,Early_blight,0,train,d:\ai_detect\sih 2026\ml\datasets\plantvillage_isolated\train\Tomato___Early_blight\2f6196c9-93c3-40d1-9d72-607667219544.JPG,False
ea5d8470-a0f9-4c28-9bcb-2d967dd97a2e.JPG,Early_blight,0,train,d:\ai_detect\sih 2026\ml\datasets\plantvillage_isolated\test\Tomato___Early_blight\ea5d8470-a0f9-4c28-9bcb-2d967dd97a2e.JPG,False
d199161a-08ba-4290-85a9-9db16c5670a7.JPG,Early_blight,0,train,d:\ai_detect\sih 2026\ml\datasets\plantvillage_isolated\test\Tomato___Early_blight\d199161a-08ba-4290-85a9-9db16c5670a7.JPG,False
3f4f24bb-1810-49dd-b878-f2af30b69315.JPG,Early_blight,0,train,d:\ai_detect\sih 2026\ml\datasets\plantvillage_isolated\train\Tomato___Early_blight\3f4f24bb-1810-49dd-b878-f2af30b69315.JPG,False
39e904cc-bd0f-4c8b-9d3d-604c4f246803.JPG,Early_blight,0,train,d:\ai_detect\sih 2026\ml\datasets\plantvillage_isolated\train\Tomato___Early_blight\39e904cc-bd0f-4c8b-9d3d-604c4f246803.JPG,False
7a133759-c7cd-4856-9a3d-8d49d388e5e1.JPG,Early_blight,0,train,d:\ai_detect\sih 2026\ml\datasets\plantvillage_isolated\test\Tomato___Early_blight\7a133759-c7cd-4856-9a3d-8d49d388e5e1.JPG,False
ff17b09a-a3d8-4e64-9f99-a81c79c7b6de.JPG,Early_blight,0,train,d:\ai_detect\sih 2026\ml\datasets\plantvillage_isolated\train\Tomato___Early_blight\ff17b09a-a3d8-4e64-9f99-a81c79c7b6de.JPG,False
9c0cdb1e-4a41-47a8-a57c-cd7a9b15e0e8.JPG,Early_blight,0,train,d:\ai_detect\sih 2026\ml\datasets\plantvillage_isolated\test\Tomato___Early_blight\9c0cdb1e-4a41-47a8-a57c-cd7a9b15e0e8.JPG,False
f9507a22-d048-40ee-a6b0-21cbdf6c6a97.JPG,Early_blight,0,train,d:\ai_detect\sih 2026\ml\datasets\plantvillage_isolated\test\Tomato___Early_blight\f9507a22-d048-40ee-a6b0-21cbdf6c6a97.JPG,False
f32a34ad-458f-4b6b-ba62-44a779c6fa22.JPG,Early_blight,0,train,d:\ai_detect\sih 2026\ml\datasets\plantvillage_isolated\test\Tomato___Early_blight\f32a34ad-458f-4b6b-ba62-44a779c6fa22.JPG,False
188aa02e-7759-4d72-a4e8-ff90c907131c.JPG,Early_blight,0,train,d:\ai_detect\sih 2026\ml\datasets\plantvillage_isolated\train\Tomato___Early_blight\188aa02e-7759-4d72-a4e8-ff90c907131c.JPG,False
dd02324d-fc79-4e36-9ef0-15938090e99d.JPG,Early_blight,0,train,d:\ai_detect\sih 2026\ml\datasets\plantvillage_isolated\test\Tomato___Early_blight\dd02324d-fc79-4e36-9ef0-15938090e99d.JPG,False
d0b0ebf1-f292-4feb-bbda-8a993b6de221.JPG,Early_blight,0,train,d:\ai_detect\sih 2026\ml\datasets\plantvillage_isolated\train\Tomato___Early_blight\d0b0ebf1-f292-4feb-bbda-8a993b6de221.JPG,False
1f367747-41c5-47df-943c-57525efb4da5.JPG,Early_blight,0,train,d:\ai_detect\sih 2026\ml\datasets\plantvillage_isolated\test\Tomato___Early_blight\1f367747-41c5-47df-943c-57525efb4da5.JPG,False
e02eb358-59c3-4a21-8636-05c84947b168.JPG,Early_blight,0,train,d:\ai_detect\sih 2026\ml\datasets\plantvillage_isolated\test\Tomato___Early_blight\e02eb358-59c3-4a21-8636-05c84947b168.JPG,False
87722656-b04e-491f-ae45-f5fd6bd4ee53.JPG,Early_blight,0,train,d:\ai_detect\sih 2026\ml\datasets\plantvillage_isolated\train\Tomato___Early_blight\87722656-b04e-491f-ae45-f5fd6bd4ee53.JPG,False
4da6f09f-e2da-46c9-a903-cb9197308b37.JPG,Early_blight,0,train,d:\ai_detect\sih 2026\ml\datasets\plantvillage_isolated\test\Tomato___Early_blight\4da6f09f-e2da-46c9-a903-cb9197308b37.JPG,False
66b23741-679f-449b-87dc-7ce62081493c.JPG,Early_blight,0,train,d:\ai_detect\sih 2026\ml\datasets\plantvillage_isolated\test\Tomato___Early_blight\66b23741-679f-449b-87dc-7ce62081493c.JPG,False
a3d42443-3c02-48ef-95b2-0b2591929b34.JPG,Early_blight,0,train,d:\ai_detect\sih 2026\ml\datasets\plantvillage_isolated\train\Tomato___Early_blight\a3d42443-3c02-48ef-95b2-0b2591929b34.JPG,False
b0bda30c-2ea1-4f4f-be4a-e64df8a2df94.JPG,Early_blight,0,train,d:\ai_detect\sih 2026\ml\datasets\plantvillage_isolated\train\Tomato___Early_blight\b0bda30c-2ea1-4f4f-be4a-e64df8a2df94.JPG,False
cd9645b2-aea8-4a8a-b94c-6c0dc181c7aa.JPG,Early_blight,0,train,d:\ai_detect\sih 2026\ml\datasets\plantvillage_isolated\train\Tomato___Early_blight\cd9645b2-aea8-4a8a-b94c-6c0dc181c7aa.JPG,False
00383159-b435-48d6-b390-5d1e4b746290.JPG,Early_blight,0,train,d:\ai_detect\sih 2026\ml\datasets\plantvillage_isolated\train\Tomato___Early_blight\00383159-b435-48d6-b390-5d1e4b746290.JPG,False
51de4f25-7981-4c1e-b185-954da8537e77.JPG,Early_blight,0,train,d:\ai_detect\sih 2026\ml\datasets\plantvillage_isolated\train\Tomato___Early_blight\51de4f25-7981-4c1e-b185-954da8537e77.JPG,False
80618862-5366-4b9c-80ec-5fcd0fa57911.JPG,Early_blight,0,train,d:\ai_detect\sih 2026\ml\datasets\plantvillage_isolated\test\Tomato___Early_blight\80618862-5366-4b9c-80ec-5fcd0fa57911.JPG,False
6917a2b2-1ebc-49a6-b1bc-09e626a8689e.JPG,Early_blight,0,train,d:\ai_detect\sih 2026\ml\datasets\plantvillage_isolated\test\Tomato___Early_blight\6917a2b2-1ebc-49a6-b1bc-09e626a8689e.JPG,False
c83d652f-1016-4396-a320-1a76bbbcb987.JPG,Early_blight,0,train,d:\ai_detect\sih 2026\ml\datasets\plantvillage_isolated\test\Tomato___Early_blight\c83d652f-1016-4396-a320-1a76bbbcb987.JPG,False
c4912c6e-264b-441c-91a4-1f6c29d60c22.JPG,Early_blight,0,train,d:\ai_detect\sih 2026\ml\datasets\plantvillage_isolated\test\Tomato___Early_blight\c4912c6e-264b-441c-91a4-1f6c29d60c22.JPG,False
2ea7e2b4-9e5b-4b36-917c-6cbfd0c6cba7.JPG,Early_blight,0,train,d:\ai_detect\sih 2026\ml\datasets\plantvillage_isolated\test\Tomato___Early_blight\2ea7e2b4-9e5b-4b36-917c-6cbfd0c6cba7.JPG,False
ae110b2e-7e3d-4d2a-bced-1a44a7f225eb.JPG,Early_blight,0,val,d:\ai_detect\sih 2026\ml\datasets\plantvillage_isolated\test\Tomato___Early_blight\ae110b2e-7e3d-4d2a-bced-1a44a7f225eb.JPG,False
a7128f33-0903-4710-910e-1222494f2346.JPG,Early_blight,0,val,d:\ai_detect\sih 2026\ml\datasets\plantvillage_isolated\test\Tomato___Early_blight\a7128f33-0903-4710-910e-1222494f2346.JPG,False
e6a1a7fe-ca96-4e91-b6e2-e31409608629.JPG,Early_blight,0,val,d:\ai_detect\sih 2026\ml\datasets\plantvillage_isolated\train\Tomato___Early_blight\e6a1a7fe-ca96-4e91-b6e2-e31409608629.JPG,False
9a400e75-3586-48ae-bfa5-83ffd28c736a.JPG,Early_blight,0,val,d:\ai_detect\sih 2026\ml\datasets\plantvillage_isolated\test\Tomato___Early_blight\9a400e75-3586-48ae-bfa5-83ffd28c736a.JPG,False
e38bf449-f6d8-4178-a7ac-e41290c3236e.JPG,Early_blight,0,val,d:\ai_detect\sih 2026\ml\datasets\plantvillage_isolated\train\Tomato___Early_blight\e38bf449-f6d8-4178-a7ac-e41290c3236e.JPG,False
15c53a87-6518-483e-be77-0a9a761be704.JPG,Early_blight,0,val,d:\ai_detect\sih 2026\ml\datasets\plantvillage_isolated\train\Tomato___Early_blight\15c53a87-6518-483e-be77-0a9a761be704.JPG,False
6220a1e7-fee0-411d-845b-7c372818e028.JPG,Early_blight,0,val,d:\ai_detect\sih 2026\ml\datasets\plantvillage_isolated\test\Tomato___Early_blight\6220a1e7-fee0-411d-845b-7c372818e028.JPG,False
b4c68979-087f-4c17-88e8-a1dac017ae82.JPG,Early_blight,0,test,d:\ai_detect\sih 2026\ml\datasets\plantvillage_isolated\train\Tomato___Early_blight\b4c68979-087f-4c17-88e8-a1dac017ae82.JPG,False
30286b7a-883a-4ab1-b6b3-e7e886cc0b06.JPG,Early_blight,0,test,d:\ai_detect\sih 2026\ml\datasets\plantvillage_isolated\test\Tomato___Early_blight\30286b7a-883a-4ab1-b6b3-e7e886cc0b06.JPG,False
98cf9e2f-ddd1-4b79-a007-5b68ba317d54.JPG,Early_blight,0,test,d:\ai_detect\sih 2026\ml\datasets\plantvillage_isolated\test\Tomato___Early_blight\98cf9e2f-ddd1-4b79-a007-5b68ba317d54.JPG,False
90e974de-b5e7-4d7a-b042-42ba3c02a2a2.JPG,Early_blight,0,test,d:\ai_detect\sih 2026\ml\datasets\plantvillage_isolated\train\Tomato___Early_blight\90e974de-b5e7-4d7a-b042-42ba3c02a2a2.JPG,False
1b9206d3-18da-4506-9e1c-b5b47e853e37.JPG,Early_blight,0,test,d:\ai_detect\sih 2026\ml\datasets\plantvillage_isolated\test\Tomato___Early_blight\1b9206d3-18da-4506-9e1c-b5b47e853e37.JPG,False
b8b58132-dbda-4728-a6ac-13a078231012.JPG,Early_blight,0,test,d:\ai_detect\sih 2026\ml\datasets\plantvillage_isolated\train\Tomato___Early_blight\b8b58132-dbda-4728-a6ac-13a078231012.JPG,False
20d3e6ae-91b9-4233-b3ff-9511be5be934.JPG,Early_blight,0,test,d:\ai_detect\sih 2026\ml\datasets\plantvillage_isolated\train\Tomato___Early_blight\20d3e6ae-91b9-4233-b3ff-9511be5be934.JPG,False
99a80e7c-c226-4a9d-872f-f6aff42e1880.JPG,Early_blight,0,test,d:\ai_detect\sih 2026\ml\datasets\plantvillage_isolated\train\Tomato___Early_blight\99a80e7c-c226-4a9d-872f-f6aff42e1880.JPG,False
e8dbf21f-87a2-4d8b-8a24-72b92c762f46.JPG,Late_blight,1,train,d:\ai_detect\sih 2026\ml\datasets\plantvillage_isolated\test\Tomato___Late_blight\e8dbf21f-87a2-4d8b-8a24-72b92c762f46.JPG,False
d9f2f469-087e-481d-ba3d-0469f1f8dce5.JPG,Late_blight,1,train,d:\ai_detect\sih 2026\ml\datasets\plantvillage_isolated\test\Tomato___Late_blight\d9f2f469-087e-481d-ba3d-0469f1f8dce5.JPG,False
0595377c-3b8e-4356-bc29-8fecf9612c28.JPG,Late_blight,1,train,d:\ai_detect\sih 2026\ml\datasets\plantvillage_isolated\train\Tomato___Late_blight\0595377c-3b8e-4356-bc29-8fecf9612c28.JPG,False
cc9cf432-3c83-45c2-93c4-e6d5859e0c01.JPG,Late_blight,1,train,d:\ai_detect\sih 2026\ml\datasets\plantvillage_isolated\test\Tomato___Late_blight\cc9cf432-3c83-45c2-93c4-e6d5859e0c01.JPG,False
f3edb72a-9b10-4813-a761-9b09d1198fe1.JPG,Late_blight,1,train,d:\ai_detect\sih 2026\ml\datasets\plantvillage_isolated\train\Tomato___Late_blight\f3edb72a-9b10-4813-a761-9b09d1198fe1.JPG,False
58a80a56-a101-48d1-af56-268bc00c96de.JPG,Late_blight,1,train,d:\ai_detect\sih 2026\ml\datasets\plantvillage_isolated\train\Tomato___Late_blight\58a80a56-a101-48d1-af56-268bc00c96de.JPG,False
9babcef8-1cb1-4b87-80c3-9f0b05077872.JPG,Late_blight,1,train,d:\ai_detect\sih 2026\ml\datasets\plantvillage_isolated\test\Tomato___Late_blight\9babcef8-1cb1-4b87-80c3-9f0b05077872.JPG,False
b95c7523-8361-411a-9d3f-203ccc3ef615.JPG,Late_blight,1,train,d:\ai_detect\sih 2026\ml\datasets\plantvillage_isolated\train\Tomato___Late_blight\b95c7523-8361-411a-9d3f-203ccc3ef615.JPG,False
99f155c4-f67a-47b0-86e0-a38282b744f6.JPG,Late_blight,1,train,d:\ai_detect\sih 2026\ml\datasets\plantvillage_isolated\train\Tomato___Late_blight\99f155c4-f67a-47b0-86e0-a38282b744f6.JPG,False
879483ef-c2b7-48c1-b6e9-4d3c391fbace.JPG,Late_blight,1,train,d:\ai_detect\sih 2026\ml\datasets\plantvillage_isolated\train\Tomato___Late_blight\879483ef-c2b7-48c1-b6e9-4d3c391fbace.JPG,False
a6b426d7-3c30-4b9b-a929-97cfab3f606c.JPG,Late_blight,1,train,d:\ai_detect\sih 2026\ml\datasets\plantvillage_isolated\test\Tomato___Late_blight\a6b426d7-3c30-4b9b-a929-97cfab3f606c.JPG,False
83b50274-d05a-425a-8870-8397e1f21253.JPG,Late_blight,1,train,d:\ai_detect\sih 2026\ml\datasets\plantvillage_isolated\test\Tomato___Late_blight\83b50274-d05a-425a-8870-8397e1f21253.JPG,False
f568f21b-80c4-4fd3-a8fe-6dbd2b41a9ea.JPG,Late_blight,1,train,d:\ai_detect\sih 2026\ml\datasets\plantvillage_isolated\test\Tomato___Late_blight\f568f21b-80c4-4fd3-a8fe-6dbd2b41a9ea.JPG,False
c401b2cc-4b8c-491d-9fde-19a1e53c8583.JPG,Late_blight,1,train,d:\ai_detect\sih 2026\ml\datasets\plantvillage_isolated\test\Tomato___Late_blight\c401b2cc-4b8c-491d-9fde-19a1e53c8583.JPG,False
ab6acd4f-0c4b-4130-8991-41572767f083.JPG,Late_blight,1,train,d:\ai_detect\sih 2026\ml\datasets\plantvillage_isolated\train\Tomato___Late_blight\ab6acd4f-0c4b-4130-8991-41572767f083.JPG,False
e6a08c08-6a4c-445c-b3df-bd3d9ce66a85.JPG,Late_blight,1,train,d:\ai_detect\sih 2026\ml\datasets\plantvillage_isolated\train\Tomato___Late_blight\e6a08c08-6a4c-445c-b3df-bd3d9ce66a85.JPG,False
b9bfbc25-9a22-42d2-a531-59017256c770.JPG,Late_blight,1,train,d:\ai_detect\sih 2026\ml\datasets\plantvillage_isolated\train\Tomato___Late_blight\b9bfbc25-9a22-42d2-a531-59017256c770.JPG,False
ce7c6df9-8bd9-4dd3-9a39-7288728ffe44.JPG,Late_blight,1,train,d:\ai_detect\sih 2026\ml\datasets\plantvillage_isolated\test\Tomato___Late_blight\ce7c6df9-8bd9-4dd3-9a39-7288728ffe44.JPG,False
9db2a832-f3f5-4e74-bff1-6fd6d9860b99.JPG,Late_blight,1,train,d:\ai_detect\sih 2026\ml\datasets\plantvillage_isolated\train\Tomato___Late_blight\9db2a832-f3f5-4e74-bff1-6fd6d9860b99.JPG,False
b1a3b01a-8be8-4bde-b439-c1deaef8a95d.JPG,Late_blight,1,train,d:\ai_detect\sih 2026\ml\datasets\plantvillage_isolated\test\Tomato___Late_blight\b1a3b01a-8be8-4bde-b439-c1deaef8a95d.JPG,False
876e352a-3107-40de-8c57-3b1861ffd1c4.JPG,Late_blight,1,train,d:\ai_detect\sih 2026\ml\datasets\plantvillage_isolated\test\Tomato___Late_blight\876e352a-3107-40de-8c57-3b1861ffd1c4.JPG,False
b6b826fd-6bfc-4978-b547-6fc768abdc9e.JPG,Late_blight,1,train,d:\ai_detect\sih 2026\ml\datasets\plantvillage_isolated\test\Tomato___Late_blight\b6b826fd-6bfc-4978-b547-6fc768abdc9e.JPG,False
8324b50e-65bc-4943-8581-be5a6137d7fa.JPG,Late_blight,1,train,d:\ai_detect\sih 2026\ml\datasets\plantvillage_isolated\train\Tomato___Late_blight\8324b50e-65bc-4943-8581-be5a6137d7fa.JPG,False
5aed5119-a1f6-4d1d-b59c-660125f81a0c.JPG,Late_blight,1,train,d:\ai_detect\sih 2026\ml\datasets\plantvillage_isolated\train\Tomato___Late_blight\5aed5119-a1f6-4d1d-b59c-660125f81a0c.JPG,False
810e8de9-665a-4e93-a533-0cbaf3574bee.JPG,Late_blight,1,train,d:\ai_detect\sih 2026\ml\datasets\plantvillage_isolated\test\Tomato___Late_blight\810e8de9-665a-4e93-a533-0cbaf3574bee.JPG,False
9c3ba921-f491-4835-ae32-7e6c0ade6c66.JPG,Late_blight,1,train,d:\ai_detect\sih 2026\ml\datasets\plantvillage_isolated\test\Tomato___Late_blight\9c3ba921-f491-4835-ae32-7e6c0ade6c66.JPG,False
c69668f9-581d-4b63-9a7b-cc9a7ff00928.JPG,Late_blight,1,train,d:\ai_detect\sih 2026\ml\datasets\plantvillage_isolated\train\Tomato___Late_blight\c69668f9-581d-4b63-9a7b-cc9a7ff00928.JPG,False
8a5ebd85-77a0-4e81-a143-e58840c15b19.JPG,Late_blight,1,train,d:\ai_detect\sih 2026\ml\datasets\plantvillage_isolated\train\Tomato___Late_blight\8a5ebd85-77a0-4e81-a143-e58840c15b19.JPG,False
85094a39-f7d1-4d61-8b8d-8b3990d02b05.JPG,Late_blight,1,train,d:\ai_detect\sih 2026\ml\datasets\plantvillage_isolated\test\Tomato___Late_blight\85094a39-f7d1-4d61-8b8d-8b3990d02b05.JPG,False
4ce3987a-e862-4fb3-99f4-bc7445211625.JPG,Late_blight,1,train,d:\ai_detect\sih 2026\ml\datasets\plantvillage_isolated\test\Tomato___Late_blight\4ce3987a-e862-4fb3-99f4-bc7445211625.JPG,False
e9509cae-5764-48e8-b3e1-4a639092708c.JPG,Late_blight,1,train,d:\ai_detect\sih 2026\ml\datasets\plantvillage_isolated\test\Tomato___Late_blight\e9509cae-5764-48e8-b3e1-4a639092708c.JPG,False
3bbca019-c0fb-4ac8-aafa-0aee0f3379a7.JPG,Late_blight,1,train,d:\ai_detect\sih 2026\ml\datasets\plantvillage_isolated\train\Tomato___Late_blight\3bbca019-c0fb-4ac8-aafa-0aee0f3379a7.JPG,False
8fe6feba-a2ae-4978-910d-bdd2c2748991.JPG,Late_blight,1,train,d:\ai_detect\sih 2026\ml\datasets\plantvillage_isolated\test\Tomato___Late_blight\8fe6feba-a2ae-4978-910d-bdd2c2748991.JPG,False
9470fd2e-8f37-4266-bc30-deb66c8d5085.JPG,Late_blight,1,train,d:\ai_detect\sih 2026\ml\datasets\plantvillage_isolated\test\Tomato___Late_blight\9470fd2e-8f37-4266-bc30-deb66c8d5085.JPG,False
efd991c4-9190-4ed7-a860-cac3d876c7a4.JPG,Late_blight,1,train,d:\ai_detect\sih 2026\ml\datasets\plantvillage_isolated\train\Tomato___Late_blight\efd991c4-9190-4ed7-a860-cac3d876c7a4.JPG,False
e613eba0-0e31-47c2-86e7-4df3e438a863.JPG,Late_blight,1,val,d:\ai_detect\sih 2026\ml\datasets\plantvillage_isolated\test\Tomato___Late_blight\e613eba0-0e31-47c2-86e7-4df3e438a863.JPG,False
580f4630-e447-4a3e-9221-54a7cb9b4e4f.JPG,Late_blight,1,val,d:\ai_detect\sih 2026\ml\datasets\plantvillage_isolated\train\Tomato___Late_blight\580f4630-e447-4a3e-9221-54a7cb9b4e4f.JPG,False
6b3b54ea-edce-40bc-abf4-63b0c5fdd8ad.JPG,Late_blight,1,val,d:\ai_detect\sih 2026\ml\datasets\plantvillage_isolated\test\Tomato___Late_blight\6b3b54ea-edce-40bc-abf4-63b0c5fdd8ad.JPG,False
970010b7-e451-4ab7-9c3f-3cc2c752cbe0.JPG,Late_blight,1,val,d:\ai_detect\sih 2026\ml\datasets\plantvillage_isolated\test\Tomato___Late_blight\970010b7-e451-4ab7-9c3f-3cc2c752cbe0.JPG,False
53042b1d-d463-485f-a648-4b20df2258b1.JPG,Late_blight,1,val,d:\ai_detect\sih 2026\ml\datasets\plantvillage_isolated\train\Tomato___Late_blight\53042b1d-d463-485f-a648-4b20df2258b1.JPG,False
0d320a52-403a-44ac-95e1-e1905f1c2221.JPG,Late_blight,1,val,d:\ai_detect\sih 2026\ml\datasets\plantvillage_isolated\train\Tomato___Late_blight\0d320a52-403a-44ac-95e1-e1905f1c2221.JPG,False
d4479d91-e20e-487c-8520-cc406ad9e195.JPG,Late_blight,1,val,d:\ai_detect\sih 2026\ml\datasets\plantvillage_isolated\test\Tomato___Late_blight\d4479d91-e20e-487c-8520-cc406ad9e195.JPG,False
06dcde27-0f0e-4b4c-9174-5a99192e2c4a.JPG,Late_blight,1,test,d:\ai_detect\sih 2026\ml\datasets\plantvillage_isolated\test\Tomato___Late_blight\06dcde27-0f0e-4b4c-9174-5a99192e2c4a.JPG,False
bc411f1b-85be-4a53-aa8f-2725db90ee14.JPG,Late_blight,1,test,d:\ai_detect\sih 2026\ml\datasets\plantvillage_isolated\train\Tomato___Late_blight\bc411f1b-85be-4a53-aa8f-2725db90ee14.JPG,False
1cc24a60-c3d7-49fe-b6d6-576169720454.JPG,Late_blight,1,test,d:\ai_detect\sih 2026\ml\datasets\plantvillage_isolated\train\Tomato___Late_blight\1cc24a60-c3d7-49fe-b6d6-576169720454.JPG,False
bcbb7eaf-77ed-4c61-91bc-632ec4d342d1.JPG,Late_blight,1,test,d:\ai_detect\sih 2026\ml\datasets\plantvillage_isolated\test\Tomato___Late_blight\bcbb7eaf-77ed-4c61-91bc-632ec4d342d1.JPG,False
47b3358f-62bf-48b8-a389-ab7b0680ab07.JPG,Late_blight,1,test,d:\ai_detect\sih 2026\ml\datasets\plantvillage_isolated\test\Tomato___Late_blight\47b3358f-62bf-48b8-a389-ab7b0680ab07.JPG,False
7c71ba9a-0835-45c0-b482-768abc0e9c76.JPG,Late_blight,1,test,d:\ai_detect\sih 2026\ml\datasets\plantvillage_isolated\test\Tomato___Late_blight\7c71ba9a-0835-45c0-b482-768abc0e9c76.JPG,False
184492ce-e5f2-4cd5-a8cd-717dab299a8a.JPG,Late_blight,1,test,d:\ai_detect\sih 2026\ml\datasets\plantvillage_isolated\test\Tomato___Late_blight\184492ce-e5f2-4cd5-a8cd-717dab299a8a.JPG,False
1d14d926-c957-47d8-b0ef-0b0ec2dab09a.JPG,Late_blight,1,test,d:\ai_detect\sih 2026\ml\datasets\plantvillage_isolated\test\Tomato___Late_blight\1d14d926-c957-47d8-b0ef-0b0ec2dab09a.JPG,False
40cb6dbc-c6bb-4d24-b5d0-60ac09f22985.JPG,Bacterial_spot,2,train,d:\ai_detect\sih 2026\ml\datasets\plantvillage_isolated\test\Tomato___Bacterial_spot\40cb6dbc-c6bb-4d24-b5d0-60ac09f22985.JPG,False
d2dc6745-8c94-4f1b-9826-6d68dd1773de.JPG,Bacterial_spot,2,train,d:\ai_detect\sih 2026\ml\datasets\plantvillage_isolated\train\Tomato___Bacterial_spot\d2dc6745-8c94-4f1b-9826-6d68dd1773de.JPG,False
005dc47d-b646-4ba7-a583-d200b8e782ad.JPG,Bacterial_spot,2,train,d:\ai_detect\sih 2026\ml\datasets\plantvillage_isolated\train\Tomato___Bacterial_spot\005dc47d-b646-4ba7-a583-d200b8e782ad.JPG,False
43dcf9e8-23fa-45a9-ac8f-4383275ec06f.JPG,Bacterial_spot,2,train,d:\ai_detect\sih 2026\ml\datasets\plantvillage_isolated\test\Tomato___Bacterial_spot\43dcf9e8-23fa-45a9-ac8f-4383275ec06f.JPG,False
c81647e6-6c7e-4f86-b87b-4e9a7798df9d.JPG,Bacterial_spot,2,train,d:\ai_detect\sih 2026\ml\datasets\plantvillage_isolated\train\Tomato___Bacterial_spot\c81647e6-6c7e-4f86-b87b-4e9a7798df9d.JPG,False
0af62b46-fc54-4461-b817-61583c5fde52.JPG,Bacterial_spot,2,train,d:\ai_detect\sih 2026\ml\datasets\plantvillage_isolated\train\Tomato___Bacterial_spot\0af62b46-fc54-4461-b817-61583c5fde52.JPG,False
b5478203-e30d-4c33-bffb-f362c1b5d4b8.JPG,Bacterial_spot,2,train,d:\ai_detect\sih 2026\ml\datasets\plantvillage_isolated\test\Tomato___Bacterial_spot\b5478203-e30d-4c33-bffb-f362c1b5d4b8.JPG,False
2130c4ce-bd81-4b4d-a780-011c52edef3c.JPG,Bacterial_spot,2,train,d:\ai_detect\sih 2026\ml\datasets\plantvillage_isolated\test\Tomato___Bacterial_spot\2130c4ce-bd81-4b4d-a780-011c52edef3c.JPG,False
55fb12f9-38ff-44b3-809d-a0a13adbb3cd.JPG,Bacterial_spot,2,train,d:\ai_detect\sih 2026\ml\datasets\plantvillage_isolated\test\Tomato___Bacterial_spot\55fb12f9-38ff-44b3-809d-a0a13adbb3cd.JPG,False
b93fca1b-9b81-403d-af8d-da151e30da5a.JPG,Bacterial_spot,2,train,d:\ai_detect\sih 2026\ml\datasets\plantvillage_isolated\train\Tomato___Bacterial_spot\b93fca1b-9b81-403d-af8d-da151e30da5a.JPG,False
33005982-f149-47cf-ba66-644717d65de6.JPG,Bacterial_spot,2,train,d:\ai_detect\sih 2026\ml\datasets\plantvillage_isolated\train\Tomato___Bacterial_spot\33005982-f149-47cf-ba66-644717d65de6.JPG,False
e3ef85e4-7582-4fb7-a741-6d5ae214677c.JPG,Bacterial_spot,2,train,d:\ai_detect\sih 2026\ml\datasets\plantvillage_isolated\test\Tomato___Bacterial_spot\e3ef85e4-7582-4fb7-a741-6d5ae214677c.JPG,False
54790e2f-4cfa-4e9b-b6bf-aca9265eea37.JPG,Bacterial_spot,2,train,d:\ai_detect\sih 2026\ml\datasets\plantvillage_isolated\train\Tomato___Bacterial_spot\54790e2f-4cfa-4e9b-b6bf-aca9265eea37.JPG,False
9ad254f5-e703-4049-afec-620fd1d132ae.JPG,Bacterial_spot,2,train,d:\ai_detect\sih 2026\ml\datasets\plantvillage_isolated\train\Tomato___Bacterial_spot\9ad254f5-e703-4049-afec-620fd1d132ae.JPG,False
44b1fd75-1c62-4db5-bad5-a4d8284cd7e7.JPG,Bacterial_spot,2,train,d:\ai_detect\sih 2026\ml\datasets\plantvillage_isolated\test\Tomato___Bacterial_spot\44b1fd75-1c62-4db5-bad5-a4d8284cd7e7.JPG,False
a424e38a-50d6-463a-b1b2-67f9bf6b3ac5.JPG,Bacterial_spot,2,train,d:\ai_detect\sih 2026\ml\datasets\plantvillage_isolated\test\Tomato___Bacterial_spot\a424e38a-50d6-463a-b1b2-67f9bf6b3ac5.JPG,False
8d93fc5a-98ee-4ac3-85ba-561b4ca2d141.JPG,Bacterial_spot,2,train,d:\ai_detect\sih 2026\ml\datasets\plantvillage_isolated\test\Tomato___Bacterial_spot\8d93fc5a-98ee-4ac3-85ba-561b4ca2d141.JPG,False
e9260358-27ac-4606-a351-dac9a73c6c1d.JPG,Bacterial_spot,2,train,d:\ai_detect\sih 2026\ml\datasets\plantvillage_isolated\test\Tomato___Bacterial_spot\e9260358-27ac-4606-a351-dac9a73c6c1d.JPG,False
520178da-be2f-4e7b-87e7-576b7e7a3632.JPG,Bacterial_spot,2,train,d:\ai_detect\sih 2026\ml\datasets\plantvillage_isolated\test\Tomato___Bacterial_spot\520178da-be2f-4e7b-87e7-576b7e7a3632.JPG,False
b9a1bb73-e507-4212-aa41-29405c83b0a4.JPG,Bacterial_spot,2,train,d:\ai_detect\sih 2026\ml\datasets\plantvillage_isolated\test\Tomato___Bacterial_spot\b9a1bb73-e507-4212-aa41-29405c83b0a4.JPG,False
6835b357-ad2d-4d3b-9b6f-d2f50416fe10.JPG,Bacterial_spot,2,train,d:\ai_detect\sih 2026\ml\datasets\plantvillage_isolated\train\Tomato___Bacterial_spot\6835b357-ad2d-4d3b-9b6f-d2f50416fe10.JPG,False
48833654-f5c0-4246-8b5f-a35e3b170b22.JPG,Bacterial_spot,2,train,d:\ai_detect\sih 2026\ml\datasets\plantvillage_isolated\train\Tomato___Bacterial_spot\48833654-f5c0-4246-8b5f-a35e3b170b22.JPG,False
1ba8e1b9-975a-41be-9545-4d52ebd7b34c.JPG,Bacterial_spot,2,train,d:\ai_detect\sih 2026\ml\datasets\plantvillage_isolated\test\Tomato___Bacterial_spot\1ba8e1b9-975a-41be-9545-4d52ebd7b34c.JPG,False
3ba0576a-c16d-4e4b-886a-d3f036615d2d.JPG,Bacterial_spot,2,train,d:\ai_detect\sih 2026\ml\datasets\plantvillage_isolated\train\Tomato___Bacterial_spot\3ba0576a-c16d-4e4b-886a-d3f036615d2d.JPG,False
ae5ab967-ab1e-41b2-956b-531ee175f60a.JPG,Bacterial_spot,2,train,d:\ai_detect\sih 2026\ml\datasets\plantvillage_isolated\test\Tomato___Bacterial_spot\ae5ab967-ab1e-41b2-956b-531ee175f60a.JPG,False
a2d482d7-cc49-4a1e-b3d1-2501be040930.JPG,Bacterial_spot,2,train,d:\ai_detect\sih 2026\ml\datasets\plantvillage_isolated\train\Tomato___Bacterial_spot\a2d482d7-cc49-4a1e-b3d1-2501be040930.JPG,False
9f5d25ca-b18d-47a0-bde8-96fe81105557.JPG,Bacterial_spot,2,train,d:\ai_detect\sih 2026\ml\datasets\plantvillage_isolated\test\Tomato___Bacterial_spot\9f5d25ca-b18d-47a0-bde8-96fe81105557.JPG,False
259ddb1a-f10f-4470-9b1b-8a2b9afdb65a.JPG,Bacterial_spot,2,train,d:\ai_detect\sih 2026\ml\datasets\plantvillage_isolated\test\Tomato___Bacterial_spot\259ddb1a-f10f-4470-9b1b-8a2b9afdb65a.JPG,False
9effdf54-da02-4668-8604-4939e52712a8.JPG,Bacterial_spot,2,train,d:\ai_detect\sih 2026\ml\datasets\plantvillage_isolated\test\Tomato___Bacterial_spot\9effdf54-da02-4668-8604-4939e52712a8.JPG,False
e014158d-4601-44ac-8d5c-5880a13c2658.JPG,Bacterial_spot,2,train,d:\ai_detect\sih 2026\ml\datasets\plantvillage_isolated\test\Tomato___Bacterial_spot\e014158d-4601-44ac-8d5c-5880a13c2658.JPG,False
276f05c4-da35-4a4e-a03c-6382ce46c366.JPG,Bacterial_spot,2,train,d:\ai_detect\sih 2026\ml\datasets\plantvillage_isolated\test\Tomato___Bacterial_spot\276f05c4-da35-4a4e-a03c-6382ce46c366.JPG,False
201149da-6311-4e73-a6e2-635696d9eb60.JPG,Bacterial_spot,2,train,d:\ai_detect\sih 2026\ml\datasets\plantvillage_isolated\train\Tomato___Bacterial_spot\201149da-6311-4e73-a6e2-635696d9eb60.JPG,False
4f3f72d6-3e03-409a-be47-db1acfe4452c.JPG,Bacterial_spot,2,train,d:\ai_detect\sih 2026\ml\datasets\plantvillage_isolated\test\Tomato___Bacterial_spot\4f3f72d6-3e03-409a-be47-db1acfe4452c.JPG,False
04613b1e-2e0f-4668-b678-0d44a4704014.JPG,Bacterial_spot,2,train,d:\ai_detect\sih 2026\ml\datasets\plantvillage_isolated\train\Tomato___Bacterial_spot\04613b1e-2e0f-4668-b678-0d44a4704014.JPG,False
b6a25da4-af3f-40ca-865e-2e0f5d04ba66.JPG,Bacterial_spot,2,train,d:\ai_detect\sih 2026\ml\datasets\plantvillage_isolated\test\Tomato___Bacterial_spot\b6a25da4-af3f-40ca-865e-2e0f5d04ba66.JPG,False
cb8ced70-6a58-4a91-9414-fa56444c61ce.JPG,Bacterial_spot,2,val,d:\ai_detect\sih 2026\ml\datasets\plantvillage_isolated\test\Tomato___Bacterial_spot\cb8ced70-6a58-4a91-9414-fa56444c61ce.JPG,False
301184d5-e6c5-42f5-ac74-d75327e8ee7b.JPG,Bacterial_spot,2,val,d:\ai_detect\sih 2026\ml\datasets\plantvillage_isolated\test\Tomato___Bacterial_spot\301184d5-e6c5-42f5-ac74-d75327e8ee7b.JPG,False
8167bc95-ed61-48be-986f-e2e78793239f.JPG,Bacterial_spot,2,val,d:\ai_detect\sih 2026\ml\datasets\plantvillage_isolated\test\Tomato___Bacterial_spot\8167bc95-ed61-48be-986f-e2e78793239f.JPG,False
fe909263-a9dc-4aa8-a13c-1298f57c9748.JPG,Bacterial_spot,2,val,d:\ai_detect\sih 2026\ml\datasets\plantvillage_isolated\test\Tomato___Bacterial_spot\fe909263-a9dc-4aa8-a13c-1298f57c9748.JPG,False
d1c943c7-1ce3-4463-92a5-eed911e5a096.JPG,Bacterial_spot,2,val,d:\ai_detect\sih 2026\ml\datasets\plantvillage_isolated\test\Tomato___Bacterial_spot\d1c943c7-1ce3-4463-92a5-eed911e5a096.JPG,False
95697e11-0287-4b5f-9146-bb268ba4f54e.JPG,Bacterial_spot,2,val,d:\ai_detect\sih 2026\ml\datasets\plantvillage_isolated\train\Tomato___Bacterial_spot\95697e11-0287-4b5f-9146-bb268ba4f54e.JPG,False
2035e116-1041-4c04-b12c-bfbd7ce7f962.JPG,Bacterial_spot,2,val,d:\ai_detect\sih 2026\ml\datasets\plantvillage_isolated\test\Tomato___Bacterial_spot\2035e116-1041-4c04-b12c-bfbd7ce7f962.JPG,False
89eb2696-f194-4fc2-9d63-7bac1d4e0e09.JPG,Bacterial_spot,2,test,d:\ai_detect\sih 2026\ml\datasets\plantvillage_isolated\test\Tomato___Bacterial_spot\89eb2696-f194-4fc2-9d63-7bac1d4e0e09.JPG,False
96cd2a09-f22d-4f8e-b36d-37af208c241c.JPG,Bacterial_spot,2,test,d:\ai_detect\sih 2026\ml\datasets\plantvillage_isolated\train\Tomato___Bacterial_spot\96cd2a09-f22d-4f8e-b36d-37af208c241c.JPG,False
de47d9ff-8b6e-4bb0-9cbc-c1dd6ec1cdae.JPG,Bacterial_spot,2,test,d:\ai_detect\sih 2026\ml\datasets\plantvillage_isolated\test\Tomato___Bacterial_spot\de47d9ff-8b6e-4bb0-9cbc-c1dd6ec1cdae.JPG,False
93a2af07-88c2-4426-a8f3-b22a0b690eaf.JPG,Bacterial_spot,2,test,d:\ai_detect\sih 2026\ml\datasets\plantvillage_isolated\train\Tomato___Bacterial_spot\93a2af07-88c2-4426-a8f3-b22a0b690eaf.JPG,False
ea8a9e90-c281-4acf-983e-7766c40b75e0.JPG,Bacterial_spot,2,test,d:\ai_detect\sih 2026\ml\datasets\plantvillage_isolated\train\Tomato___Bacterial_spot\ea8a9e90-c281-4acf-983e-7766c40b75e0.JPG,False
0c68960c-8501-4cf9-9c62-92d871d7ee46.JPG,Bacterial_spot,2,test,d:\ai_detect\sih 2026\ml\datasets\plantvillage_isolated\test\Tomato___Bacterial_spot\0c68960c-8501-4cf9-9c62-92d871d7ee46.JPG,False
f7966168-16cd-4c03-8ded-5afa79957c00.JPG,Bacterial_spot,2,test,d:\ai_detect\sih 2026\ml\datasets\plantvillage_isolated\train\Tomato___Bacterial_spot\f7966168-16cd-4c03-8ded-5afa79957c00.JPG,False
0b97e882-fa7f-4faa-b170-5e408263532d.JPG,Bacterial_spot,2,test,d:\ai_detect\sih 2026\ml\datasets\plantvillage_isolated\test\Tomato___Bacterial_spot\0b97e882-fa7f-4faa-b170-5e408263532d.JPG,False
896d4850-409c-4772-a22c-b233a9ef96bc.JPG,Septoria_leaf_spot,3,train,d:\ai_detect\sih 2026\ml\datasets\plantvillage_isolated\test\Tomato___Septoria_leaf_spot\896d4850-409c-4772-a22c-b233a9ef96bc.JPG,False
0576c467-153a-4c56-b5d6-22bf1cb83a24.JPG,Septoria_leaf_spot,3,train,d:\ai_detect\sih 2026\ml\datasets\plantvillage_isolated\test\Tomato___Septoria_leaf_spot\0576c467-153a-4c56-b5d6-22bf1cb83a24.JPG,False
837d3691-1cfb-44ba-9eee-81f1103bdfd4.JPG,Septoria_leaf_spot,3,train,d:\ai_detect\sih 2026\ml\datasets\plantvillage_isolated\test\Tomato___Septoria_leaf_spot\837d3691-1cfb-44ba-9eee-81f1103bdfd4.JPG,False
02398003-eaf1-43a9-a6c2-1070742388f2.JPG,Septoria_leaf_spot,3,train,d:\ai_detect\sih 2026\ml\datasets\plantvillage_isolated\train\Tomato___Septoria_leaf_spot\02398003-eaf1-43a9-a6c2-1070742388f2.JPG,False
1ba03905-0ac8-4d6e-a7a5-9e6af000ff10.JPG,Septoria_leaf_spot,3,train,d:\ai_detect\sih 2026\ml\datasets\plantvillage_isolated\test\Tomato___Septoria_leaf_spot\1ba03905-0ac8-4d6e-a7a5-9e6af000ff10.JPG,False
54f26b5e-cd23-4cd4-b4c9-001d47e80eec.JPG,Septoria_leaf_spot,3,train,d:\ai_detect\sih 2026\ml\datasets\plantvillage_isolated\train\Tomato___Septoria_leaf_spot\54f26b5e-cd23-4cd4-b4c9-001d47e80eec.JPG,False
b2a0595a-5e63-43eb-b790-043c4fbd5ef0.JPG,Septoria_leaf_spot,3,train,d:\ai_detect\sih 2026\ml\datasets\plantvillage_isolated\train\Tomato___Septoria_leaf_spot\b2a0595a-5e63-43eb-b790-043c4fbd5ef0.JPG,False
025ab5ae-7bfe-4f9e-9790-9d8b89653bca.JPG,Septoria_leaf_spot,3,train,d:\ai_detect\sih 2026\ml\datasets\plantvillage_isolated\train\Tomato___Septoria_leaf_spot\025ab5ae-7bfe-4f9e-9790-9d8b89653bca.JPG,False
9772f5c4-9366-4944-86e4-8fce33df18e4.JPG,Septoria_leaf_spot,3,train,d:\ai_detect\sih 2026\ml\datasets\plantvillage_isolated\test\Tomato___Septoria_leaf_spot\9772f5c4-9366-4944-86e4-8fce33df18e4.JPG,False
02548600-7508-456e-99cd-3493da31596f.JPG,Septoria_leaf_spot,3,train,d:\ai_detect\sih 2026\ml\datasets\plantvillage_isolated\test\Tomato___Septoria_leaf_spot\02548600-7508-456e-99cd-3493da31596f.JPG,False
961f4d65-4576-4d33-9e98-6303c1473bcc.JPG,Septoria_leaf_spot,3,train,d:\ai_detect\sih 2026\ml\datasets\plantvillage_isolated\test\Tomato___Septoria_leaf_spot\961f4d65-4576-4d33-9e98-6303c1473bcc.JPG,False
1376d499-2469-4ba1-a774-c5be99e622ac.JPG,Septoria_leaf_spot,3,train,d:\ai_detect\sih 2026\ml\datasets\plantvillage_isolated\train\Tomato___Septoria_leaf_spot\1376d499-2469-4ba1-a774-c5be99e622ac.JPG,False
aef55c42-55db-4821-becd-b8418e7ef129.JPG,Septoria_leaf_spot,3,train,d:\ai_detect\sih 2026\ml\datasets\plantvillage_isolated\test\Tomato___Septoria_leaf_spot\aef55c42-55db-4821-becd-b8418e7ef129.JPG,False
8dae2531-f60d-491a-9d2d-eeeba71b58e2.JPG,Septoria_leaf_spot,3,train,d:\ai_detect\sih 2026\ml\datasets\plantvillage_isolated\test\Tomato___Septoria_leaf_spot\8dae2531-f60d-491a-9d2d-eeeba71b58e2.JPG,False
f3bfce39-9dbd-49d8-a531-1f82ba0885a5.JPG,Septoria_leaf_spot,3,train,d:\ai_detect\sih 2026\ml\datasets\plantvillage_isolated\train\Tomato___Septoria_leaf_spot\f3bfce39-9dbd-49d8-a531-1f82ba0885a5.JPG,False
b3147e35-9df6-453b-8e08-85040835e482.JPG,Septoria_leaf_spot,3,train,d:\ai_detect\sih 2026\ml\datasets\plantvillage_isolated\test\Tomato___Septoria_leaf_spot\b3147e35-9df6-453b-8e08-85040835e482.JPG,False
0ee4d727-2ab5-4e09-ba0b-0135215a2bfc.JPG,Septoria_leaf_spot,3,train,d:\ai_detect\sih 2026\ml\datasets\plantvillage_isolated\test\Tomato___Septoria_leaf_spot\0ee4d727-2ab5-4e09-ba0b-0135215a2bfc.JPG,False
a09a1813-6033-4b00-85fb-ff8e3b9ac96a.JPG,Septoria_leaf_spot,3,train,d:\ai_detect\sih 2026\ml\datasets\plantvillage_isolated\train\Tomato___Septoria_leaf_spot\a09a1813-6033-4b00-85fb-ff8e3b9ac96a.JPG,False
7f4901b7-cab5-44c4-bc8c-614a850ca04d.JPG,Septoria_leaf_spot,3,train,d:\ai_detect\sih 2026\ml\datasets\plantvillage_isolated\train\Tomato___Septoria_leaf_spot\7f4901b7-cab5-44c4-bc8c-614a850ca04d.JPG,False
8aac38b7-4d99-4611-9fa9-4df38d458ef5.JPG,Septoria_leaf_spot,3,train,d:\ai_detect\sih 2026\ml\datasets\plantvillage_isolated\test\Tomato___Septoria_leaf_spot\8aac38b7-4d99-4611-9fa9-4df38d458ef5.JPG,False
7a88543a-198b-44ac-9ff6-3ffe0c1659e6.JPG,Septoria_leaf_spot,3,train,d:\ai_detect\sih 2026\ml\datasets\plantvillage_isolated\test\Tomato___Septoria_leaf_spot\7a88543a-198b-44ac-9ff6-3ffe0c1659e6.JPG,False
14325633-c666-4f43-9af2-9f7063e78f07.JPG,Septoria_leaf_spot,3,train,d:\ai_detect\sih 2026\ml\datasets\plantvillage_isolated\train\Tomato___Septoria_leaf_spot\14325633-c666-4f43-9af2-9f7063e78f07.JPG,False
6e50d96b-6697-4ac3-9634-492cd39610fc.JPG,Septoria_leaf_spot,3,train,d:\ai_detect\sih 2026\ml\datasets\plantvillage_isolated\train\Tomato___Septoria_leaf_spot\6e50d96b-6697-4ac3-9634-492cd39610fc.JPG,False
17acf91d-c5b2-4346-b075-06e6cd4e9714.JPG,Septoria_leaf_spot,3,train,d:\ai_detect\sih 2026\ml\datasets\plantvillage_isolated\test\Tomato___Septoria_leaf_spot\17acf91d-c5b2-4346-b075-06e6cd4e9714.JPG,False
690f7a47-9de3-4048-99b5-e6b720c06eae.JPG,Septoria_leaf_spot,3,train,d:\ai_detect\sih 2026\ml\datasets\plantvillage_isolated\train\Tomato___Septoria_leaf_spot\690f7a47-9de3-4048-99b5-e6b720c06eae.JPG,False
0494447c-bfae-44c5-b53a-21065b6786da.JPG,Septoria_leaf_spot,3,train,d:\ai_detect\sih 2026\ml\datasets\plantvillage_isolated\test\Tomato___Septoria_leaf_spot\0494447c-bfae-44c5-b53a-21065b6786da.JPG,False
27f43618-f8c7-4e12-9011-60204554b721.JPG,Septoria_leaf_spot,3,train,d:\ai_detect\sih 2026\ml\datasets\plantvillage_isolated\train\Tomato___Septoria_leaf_spot\27f43618-f8c7-4e12-9011-60204554b721.JPG,False
6015ee57-2acc-406c-a3a6-2536db36ca38.JPG,Septoria_leaf_spot,3,train,d:\ai_detect\sih 2026\ml\datasets\plantvillage_isolated\train\Tomato___Septoria_leaf_spot\6015ee57-2acc-406c-a3a6-2536db36ca38.JPG,False
61208dd6-8aff-4875-8cf2-5fff9b3c782a.JPG,Septoria_leaf_spot,3,train,d:\ai_detect\sih 2026\ml\datasets\plantvillage_isolated\test\Tomato___Septoria_leaf_spot\61208dd6-8aff-4875-8cf2-5fff9b3c782a.JPG,False
fcdc95aa-76ab-4b21-8deb-7fea9cafb5d3.JPG,Septoria_leaf_spot,3,train,d:\ai_detect\sih 2026\ml\datasets\plantvillage_isolated\test\Tomato___Septoria_leaf_spot\fcdc95aa-76ab-4b21-8deb-7fea9cafb5d3.JPG,False
aec71bba-9a5f-4f33-a700-6e5c974e2055.JPG,Septoria_leaf_spot,3,train,d:\ai_detect\sih 2026\ml\datasets\plantvillage_isolated\train\Tomato___Septoria_leaf_spot\aec71bba-9a5f-4f33-a700-6e5c974e2055.JPG,False
80d34abd-e5e1-4467-b489-c64f05dfac82.JPG,Septoria_leaf_spot,3,train,d:\ai_detect\sih 2026\ml\datasets\plantvillage_isolated\train\Tomato___Septoria_leaf_spot\80d34abd-e5e1-4467-b489-c64f05dfac82.JPG,False
87bb717b-64bb-4b12-addb-7bb1b3543914.JPG,Septoria_leaf_spot,3,train,d:\ai_detect\sih 2026\ml\datasets\plantvillage_isolated\train\Tomato___Septoria_leaf_spot\87bb717b-64bb-4b12-addb-7bb1b3543914.JPG,False
4b983c49-f8c5-40aa-918f-12dc60a6b631.JPG,Septoria_leaf_spot,3,train,d:\ai_detect\sih 2026\ml\datasets\plantvillage_isolated\train\Tomato___Septoria_leaf_spot\4b983c49-f8c5-40aa-918f-12dc60a6b631.JPG,False
3da6e6f3-a737-48ce-9eed-d0b7bbcb83f7.JPG,Septoria_leaf_spot,3,train,d:\ai_detect\sih 2026\ml\datasets\plantvillage_isolated\train\Tomato___Septoria_leaf_spot\3da6e6f3-a737-48ce-9eed-d0b7bbcb83f7.JPG,False
1c9649fd-cc7e-4a18-9e3a-b1473f5b285b.JPG,Septoria_leaf_spot,3,val,d:\ai_detect\sih 2026\ml\datasets\plantvillage_isolated\test\Tomato___Septoria_leaf_spot\1c9649fd-cc7e-4a18-9e3a-b1473f5b285b.JPG,False
8a7a16e7-c729-461a-ad98-8044f802b99e.JPG,Septoria_leaf_spot,3,val,d:\ai_detect\sih 2026\ml\datasets\plantvillage_isolated\train\Tomato___Septoria_leaf_spot\8a7a16e7-c729-461a-ad98-8044f802b99e.JPG,False
52084b4b-0eb2-4192-b6e8-2e00b967903f.JPG,Septoria_leaf_spot,3,val,d:\ai_detect\sih 2026\ml\datasets\plantvillage_isolated\test\Tomato___Septoria_leaf_spot\52084b4b-0eb2-4192-b6e8-2e00b967903f.JPG,False
f78ff368-2ea6-468b-a4fb-59f1a7e51bb7.JPG,Septoria_leaf_spot,3,val,d:\ai_detect\sih 2026\ml\datasets\plantvillage_isolated\train\Tomato___Septoria_leaf_spot\f78ff368-2ea6-468b-a4fb-59f1a7e51bb7.JPG,False
63046c63-8aef-42f1-95f6-77d68d4349ed.JPG,Septoria_leaf_spot,3,val,d:\ai_detect\sih 2026\ml\datasets\plantvillage_isolated\train\Tomato___Septoria_leaf_spot\63046c63-8aef-42f1-95f6-77d68d4349ed.JPG,False
766bbaa6-3fbf-4188-8787-0b00fe1afc4c.JPG,Septoria_leaf_spot,3,val,d:\ai_detect\sih 2026\ml\datasets\plantvillage_isolated\test\Tomato___Septoria_leaf_spot\766bbaa6-3fbf-4188-8787-0b00fe1afc4c.JPG,False
385c8136-9e9a-46ca-8dd7-c2dfc0112345.JPG,Septoria_leaf_spot,3,val,d:\ai_detect\sih 2026\ml\datasets\plantvillage_isolated\test\Tomato___Septoria_leaf_spot\385c8136-9e9a-46ca-8dd7-c2dfc0112345.JPG,False
56c5fe27-94c7-4c83-97c5-ae7c3837e7fc.JPG,Septoria_leaf_spot,3,test,d:\ai_detect\sih 2026\ml\datasets\plantvillage_isolated\train\Tomato___Septoria_leaf_spot\56c5fe27-94c7-4c83-97c5-ae7c3837e7fc.JPG,False
5056c3ee-21a3-46fc-a36b-a72bb6b8ee7b.JPG,Septoria_leaf_spot,3,test,d:\ai_detect\sih 2026\ml\datasets\plantvillage_isolated\train\Tomato___Septoria_leaf_spot\5056c3ee-21a3-46fc-a36b-a72bb6b8ee7b.JPG,False
e6cc10ab-539e-4f3e-a7b9-dc4e7ff21c4b.JPG,Septoria_leaf_spot,3,test,d:\ai_detect\sih 2026\ml\datasets\plantvillage_isolated\test\Tomato___Septoria_leaf_spot\e6cc10ab-539e-4f3e-a7b9-dc4e7ff21c4b.JPG,False
38496640-51ba-4cde-ad70-17d5a40f4952.JPG,Septoria_leaf_spot,3,test,d:\ai_detect\sih 2026\ml\datasets\plantvillage_isolated\test\Tomato___Septoria_leaf_spot\38496640-51ba-4cde-ad70-17d5a40f4952.JPG,False
682826bc-7860-41d9-beab-2acf78d28229.JPG,Septoria_leaf_spot,3,test,d:\ai_detect\sih 2026\ml\datasets\plantvillage_isolated\test\Tomato___Septoria_leaf_spot\682826bc-7860-41d9-beab-2acf78d28229.JPG,False
ba7f3634-884e-425d-be5c-51de6e30a47d.JPG,Septoria_leaf_spot,3,test,d:\ai_detect\sih 2026\ml\datasets\plantvillage_isolated\test\Tomato___Septoria_leaf_spot\ba7f3634-884e-425d-be5c-51de6e30a47d.JPG,False
f5443930-fee9-496f-b15e-9ea9bfef8fa0.JPG,Septoria_leaf_spot,3,test,d:\ai_detect\sih 2026\ml\datasets\plantvillage_isolated\test\Tomato___Septoria_leaf_spot\f5443930-fee9-496f-b15e-9ea9bfef8fa0.JPG,False
2830afd3-d201-4ef4-954f-809838d1c1a4.JPG,Septoria_leaf_spot,3,test,d:\ai_detect\sih 2026\ml\datasets\plantvillage_isolated\train\Tomato___Septoria_leaf_spot\2830afd3-d201-4ef4-954f-809838d1c1a4.JPG,False
5a673904-01ef-4f5f-ac9a-d22774c2a9f2.JPG,healthy,-1,train,d:\ai_detect\sih 2026\ml\datasets\plantvillage_isolated\test\Tomato___healthy\5a673904-01ef-4f5f-ac9a-d22774c2a9f2.JPG,False
b4697919-f356-472c-8403-fed52c385598.JPG,healthy,-1,train,d:\ai_detect\sih 2026\ml\datasets\plantvillage_isolated\train\Tomato___healthy\b4697919-f356-472c-8403-fed52c385598.JPG,False
af5c025a-7ecb-4ae6-a549-373ea2206713.JPG,healthy,-1,train,d:\ai_detect\sih 2026\ml\datasets\plantvillage_isolated\test\Tomato___healthy\af5c025a-7ecb-4ae6-a549-373ea2206713.JPG,False
fce4a123-77fd-4abf-b517-de7b9b3cfe48.JPG,healthy,-1,train,d:\ai_detect\sih 2026\ml\datasets\plantvillage_isolated\test\Tomato___healthy\fce4a123-77fd-4abf-b517-de7b9b3cfe48.JPG,False
d5961da5-92bc-4edb-b9cc-06a37015eb25.JPG,healthy,-1,train,d:\ai_detect\sih 2026\ml\datasets\plantvillage_isolated\test\Tomato___healthy\d5961da5-92bc-4edb-b9cc-06a37015eb25.JPG,False
7dbf11c8-ba8b-4741-8d0e-9b44bbe81c71.JPG,healthy,-1,train,d:\ai_detect\sih 2026\ml\datasets\plantvillage_isolated\train\Tomato___healthy\7dbf11c8-ba8b-4741-8d0e-9b44bbe81c71.JPG,False
fc9018c5-275e-4f92-962a-45849e016b5d.JPG,healthy,-1,train,d:\ai_detect\sih 2026\ml\datasets\plantvillage_isolated\test\Tomato___healthy\fc9018c5-275e-4f92-962a-45849e016b5d.JPG,False
9bc63337-47ba-410a-8381-26f87cf82ae4.JPG,healthy,-1,train,d:\ai_detect\sih 2026\ml\datasets\plantvillage_isolated\test\Tomato___healthy\9bc63337-47ba-410a-8381-26f87cf82ae4.JPG,False
b0b973f2-b4a6-4540-8889-4508d21bb4ee.JPG,healthy,-1,train,d:\ai_detect\sih 2026\ml\datasets\plantvillage_isolated\test\Tomato___healthy\b0b973f2-b4a6-4540-8889-4508d21bb4ee.JPG,False
82d7b5cf-1644-4a50-b3a2-865e55b54c6f.JPG,healthy,-1,train,d:\ai_detect\sih 2026\ml\datasets\plantvillage_isolated\train\Tomato___healthy\82d7b5cf-1644-4a50-b3a2-865e55b54c6f.JPG,False
829e27de-18da-475d-9649-90d2c315090e.JPG,healthy,-1,train,d:\ai_detect\sih 2026\ml\datasets\plantvillage_isolated\test\Tomato___healthy\829e27de-18da-475d-9649-90d2c315090e.JPG,False
51a336bb-0656-4f27-b11e-df6f1ae19191.JPG,healthy,-1,train,d:\ai_detect\sih 2026\ml\datasets\plantvillage_isolated\train\Tomato___healthy\51a336bb-0656-4f27-b11e-df6f1ae19191.JPG,False
270d1b1e-c7f5-40d7-8055-85358aeca0c4.JPG,healthy,-1,train,d:\ai_detect\sih 2026\ml\datasets\plantvillage_isolated\test\Tomato___healthy\270d1b1e-c7f5-40d7-8055-85358aeca0c4.JPG,False
ddb6935b-e216-40ef-b2ca-061709483200.JPG,healthy,-1,train,d:\ai_detect\sih 2026\ml\datasets\plantvillage_isolated\train\Tomato___healthy\ddb6935b-e216-40ef-b2ca-061709483200.JPG,False
c2dc106d-0601-4aae-9e00-400cd6751d99.JPG,healthy,-1,train,d:\ai_detect\sih 2026\ml\datasets\plantvillage_isolated\test\Tomato___healthy\c2dc106d-0601-4aae-9e00-400cd6751d99.JPG,False
650d539e-d624-48cc-9b8c-5bae191f1290.JPG,healthy,-1,train,d:\ai_detect\sih 2026\ml\datasets\plantvillage_isolated\train\Tomato___healthy\650d539e-d624-48cc-9b8c-5bae191f1290.JPG,False
cc904afe-8a14-4187-a065-e46bd2864579.JPG,healthy,-1,train,d:\ai_detect\sih 2026\ml\datasets\plantvillage_isolated\train\Tomato___healthy\cc904afe-8a14-4187-a065-e46bd2864579.JPG,False
a51a3bba-7b93-4607-b8d6-791a512058a3.JPG,healthy,-1,train,d:\ai_detect\sih 2026\ml\datasets\plantvillage_isolated\test\Tomato___healthy\a51a3bba-7b93-4607-b8d6-791a512058a3.JPG,False
b2f20b81-c20e-4fd4-a143-e3537fda382b.JPG,healthy,-1,train,d:\ai_detect\sih 2026\ml\datasets\plantvillage_isolated\test\Tomato___healthy\b2f20b81-c20e-4fd4-a143-e3537fda382b.JPG,False
ba3836f5-f959-4ae8-9487-0e93f8fc1e0d.JPG,healthy,-1,train,d:\ai_detect\sih 2026\ml\datasets\plantvillage_isolated\test\Tomato___healthy\ba3836f5-f959-4ae8-9487-0e93f8fc1e0d.JPG,False
924a6609-c602-4d85-9fa1-ffb84d41ef01.JPG,healthy,-1,train,d:\ai_detect\sih 2026\ml\datasets\plantvillage_isolated\test\Tomato___healthy\924a6609-c602-4d85-9fa1-ffb84d41ef01.JPG,False
01217ea7-b8f9-48a3-a7a5-c317385b0439.JPG,healthy,-1,train,d:\ai_detect\sih 2026\ml\datasets\plantvillage_isolated\test\Tomato___healthy\01217ea7-b8f9-48a3-a7a5-c317385b0439.JPG,False
d1bf5616-dca2-4566-a782-de6a54b4a892.JPG,healthy,-1,train,d:\ai_detect\sih 2026\ml\datasets\plantvillage_isolated\train\Tomato___healthy\d1bf5616-dca2-4566-a782-de6a54b4a892.JPG,False
e3879caf-a113-49dc-b50f-b44528cb6f1a.JPG,healthy,-1,train,d:\ai_detect\sih 2026\ml\datasets\plantvillage_isolated\test\Tomato___healthy\e3879caf-a113-49dc-b50f-b44528cb6f1a.JPG,False
f5041ccf-49cb-4917-8d43-14f5be481473.JPG,healthy,-1,train,d:\ai_detect\sih 2026\ml\datasets\plantvillage_isolated\test\Tomato___healthy\f5041ccf-49cb-4917-8d43-14f5be481473.JPG,False
f5c95cf2-6d05-4f12-a754-0ecde4a27b5e.JPG,healthy,-1,train,d:\ai_detect\sih 2026\ml\datasets\plantvillage_isolated\test\Tomato___healthy\f5c95cf2-6d05-4f12-a754-0ecde4a27b5e.JPG,False
b80125a8-4ff5-4ffb-8803-d7102cd738b1.JPG,healthy,-1,train,d:\ai_detect\sih 2026\ml\datasets\plantvillage_isolated\test\Tomato___healthy\b80125a8-4ff5-4ffb-8803-d7102cd738b1.JPG,False
58a0214d-be61-4fec-8f2f-9816b007e51f.JPG,healthy,-1,train,d:\ai_detect\sih 2026\ml\datasets\plantvillage_isolated\test\Tomato___healthy\58a0214d-be61-4fec-8f2f-9816b007e51f.JPG,False
c1e58fb8-c847-4295-b973-d8fe02ce464b.JPG,healthy,-1,train,d:\ai_detect\sih 2026\ml\datasets\plantvillage_isolated\train\Tomato___healthy\c1e58fb8-c847-4295-b973-d8fe02ce464b.JPG,False
238c86f8-a58b-4017-9177-d27bfe630405.JPG,healthy,-1,train,d:\ai_detect\sih 2026\ml\datasets\plantvillage_isolated\test\Tomato___healthy\238c86f8-a58b-4017-9177-d27bfe630405.JPG,False
0aeb35d9-dd6b-4d96-bd75-01b8b7c0d887.JPG,healthy,-1,train,d:\ai_detect\sih 2026\ml\datasets\plantvillage_isolated\train\Tomato___healthy\0aeb35d9-dd6b-4d96-bd75-01b8b7c0d887.JPG,False
3c18dd29-6a10-4c22-aafa-c62853dd270f.JPG,healthy,-1,train,d:\ai_detect\sih 2026\ml\datasets\plantvillage_isolated\test\Tomato___healthy\3c18dd29-6a10-4c22-aafa-c62853dd270f.JPG,False
0d1d59d6-bc46-4114-badc-99a96d7f5916.JPG,healthy,-1,train,d:\ai_detect\sih 2026\ml\datasets\plantvillage_isolated\train\Tomato___healthy\0d1d59d6-bc46-4114-badc-99a96d7f5916.JPG,False
f480f10d-bd58-4ce8-8218-b564ca61e7f4.JPG,healthy,-1,train,d:\ai_detect\sih 2026\ml\datasets\plantvillage_isolated\train\Tomato___healthy\f480f10d-bd58-4ce8-8218-b564ca61e7f4.JPG,False
aeebb8bc-44ac-411e-b184-5612214e529f.JPG,healthy,-1,train,d:\ai_detect\sih 2026\ml\datasets\plantvillage_isolated\train\Tomato___healthy\aeebb8bc-44ac-411e-b184-5612214e529f.JPG,False
3fc99100-0cdb-4df2-a37d-28da93e14aac.JPG,healthy,-1,val,d:\ai_detect\sih 2026\ml\datasets\plantvillage_isolated\train\Tomato___healthy\3fc99100-0cdb-4df2-a37d-28da93e14aac.JPG,False
6d6c3e0e-d9ab-4518-afbd-15ffad088851.JPG,healthy,-1,val,d:\ai_detect\sih 2026\ml\datasets\plantvillage_isolated\train\Tomato___healthy\6d6c3e0e-d9ab-4518-afbd-15ffad088851.JPG,False
f414effa-2b2e-4b28-a1f3-457620f4cad9.JPG,healthy,-1,val,d:\ai_detect\sih 2026\ml\datasets\plantvillage_isolated\test\Tomato___healthy\f414effa-2b2e-4b28-a1f3-457620f4cad9.JPG,False
8e7d52bd-e5fc-4693-b08a-de39a3ab7bc9.JPG,healthy,-1,val,d:\ai_detect\sih 2026\ml\datasets\plantvillage_isolated\test\Tomato___healthy\8e7d52bd-e5fc-4693-b08a-de39a3ab7bc9.JPG,False
fde5226d-96fc-486d-80bc-e1d124bd2afa.JPG,healthy,-1,val,d:\ai_detect\sih 2026\ml\datasets\plantvillage_isolated\train\Tomato___healthy\fde5226d-96fc-486d-80bc-e1d124bd2afa.JPG,False
a6492712-789d-4874-a6f1-3f1704ff8aec.JPG,healthy,-1,val,d:\ai_detect\sih 2026\ml\datasets\plantvillage_isolated\test\Tomato___healthy\a6492712-789d-4874-a6f1-3f1704ff8aec.JPG,False
b0ac89b4-406e-4097-ba46-a3b5b0792be5.JPG,healthy,-1,val,d:\ai_detect\sih 2026\ml\datasets\plantvillage_isolated\test\Tomato___healthy\b0ac89b4-406e-4097-ba46-a3b5b0792be5.JPG,False
6b0a65f3-d627-46fb-85e8-4d1f2e601878.JPG,healthy,-1,test,d:\ai_detect\sih 2026\ml\datasets\plantvillage_isolated\test\Tomato___healthy\6b0a65f3-d627-46fb-85e8-4d1f2e601878.JPG,False
b2c08c42-1689-4477-b90d-4f22bb48a92b.JPG,healthy,-1,test,d:\ai_detect\sih 2026\ml\datasets\plantvillage_isolated\test\Tomato___healthy\b2c08c42-1689-4477-b90d-4f22bb48a92b.JPG,False
685da8da-78ed-4494-a535-c67d935cb106.JPG,healthy,-1,test,d:\ai_detect\sih 2026\ml\datasets\plantvillage_isolated\test\Tomato___healthy\685da8da-78ed-4494-a535-c67d935cb106.JPG,False
e18f980b-f4c9-457e-84c0-c39a41f2ea35.JPG,healthy,-1,test,d:\ai_detect\sih 2026\ml\datasets\plantvillage_isolated\test\Tomato___healthy\e18f980b-f4c9-457e-84c0-c39a41f2ea35.JPG,False
c88eac39-26d6-4685-8870-513c1335b57a.JPG,healthy,-1,test,d:\ai_detect\sih 2026\ml\datasets\plantvillage_isolated\train\Tomato___healthy\c88eac39-26d6-4685-8870-513c1335b57a.JPG,False
a8a993a6-9b84-4663-bf97-c4c97f0cbb20.JPG,healthy,-1,test,d:\ai_detect\sih 2026\ml\datasets\plantvillage_isolated\train\Tomato___healthy\a8a993a6-9b84-4663-bf97-c4c97f0cbb20.JPG,False
5b582bbb-a3d0-43cf-b809-3258861a2364.JPG,healthy,-1,test,d:\ai_detect\sih 2026\ml\datasets\plantvillage_isolated\train\Tomato___healthy\5b582bbb-a3d0-43cf-b809-3258861a2364.JPG,False
203cf8e7-9d7d-464e-b75e-d31c524a1945.JPG,healthy,-1,test,d:\ai_detect\sih 2026\ml\datasets\plantvillage_isolated\test\Tomato___healthy\203cf8e7-9d7d-464e-b75e-d31c524a1945.JPG,False
